,Unnamed: 0.1,Unnamed: 0,segment,time,flow,speed,is_crash,diff_flow,diff_speed,vari_flow_in_last_4mins,vari_speed_in_last_4mins,speed_on_last_seg,flow_on_last_seg
122803,122803,122803,4208,56160,96,77,0,2,5,50,4,68,164
78764,78764,78764,3216,66480,62,75,0,0,-4,8,3,23,83
96516,96516,96516,4109,4920,16,80,0,2,0,14,0,80,13
87528,87528,87528,3229,47880,127,43,0,-6,0,16,0,44,52
97669,97669,97669,4110,56880,166,68,0,24,-5,133,4,59,203
77514,77514,77514,3215,2880,27,82,0,-7,0,24,0,82,37
55911,55911,55911,3114,73680,40,13,0,33,31,726,262,0,0
96672,96672,96672,4109,23640,127,79,0,9,-4,194,2,79,101
113481,113481,113481,4133,60720,174,54,1,-13,-4,140,3,81,98
5176,5176,5176,1108,18000,22,82,0,-6,0,20,0,76,40
97469,97469,97469,4110,32880,67,84,0,-11,-3,20,2,10,76
114201,114201,114201,4134,60720,92,76,0,-2,3,57,2,54,174
30540,30540,30540,2113,53160,76,11,0,12,2,198,1,34,171
29009,29009,29009,2111,42240,139,16,0,-27,-2,666,6,17,151
46569,46569,46569,2219,75840,98,48,0,67,-17,2188,57,19,67
113557,113557,113557,4133,69840,170,55,0,23,4,94,10,76,102
108449,108449,108449,4126,61320,222,67,0,53,-3,472,4,73,192
57797,57797,57797,3117,40800,96,70,0,23,-1,108,1,71,80
97765,97765,97765,4110,68400,164,64,1,5,-8,5,18,23,184
33533,33533,33533,2117,66720,151,33,0,0,-5,117,16,71,64
97484,97484,97484,4110,34680,124,77,0,-4,-2,24,0,14,160
116741,116741,116741,4138,19920,0,80,0,0,-2,0,0,80,6
26254,26254,26254,2107,50160,180,55,0,-11,7,29,10,37,113
96770,96770,96770,4109,35400,177,16,1,-43,-2,308,0,9,105
98264,98264,98264,4111,41880,223,26,1,-25,-23,716,117,19,166
151991,151991,151991,5203,25080,83,66,0,-11,6,20,8,16,62
167344,167344,167344,6209,57360,86,35,0,-18,11,91,29,44,85
8318,8318,8318,1113,53280,165,14,1,0,0,0,2,15,98
43220,43220,43220,2215,19560,33,73,0,-2,0,6,0,0,0
114027,114027,114027,4134,39840,78,78,0,-7,2,120,2,24,144
98387,98387,98387,4111,56640,238,58,0,-18,-4,72,6,65,191
112763,112763,112763,4132,60960,118,81,0,-1,-1,84,0,76,153
126969,126969,126969,4214,38880,209,68,0,13,-1,28,2,75,124
97713,97713,97713,4110,62160,173,70,0,10,-1,17,0,30,202
112555,112555,112555,4132,36000,129,66,0,41,2,289,0,72,172
4748,4748,4748,1107,53040,139,13,0,-12,-1,61,60,17,92
60006,60006,60006,3120,46680,108,64,0,11,-5,20,8,37,130
96026,96026,96026,4108,32520,146,39,0,14,32,121,278,18,194
98014,98014,98014,4111,11880,6,78,0,7,0,12,0,85,4
26601,26601,26601,2108,5400,59,81,0,28,0,187,0,81,56
55464,55464,55464,3114,20040,16,81,0,6,0,6,0,0,0
113995,113995,113995,4134,36000,124,69,0,-9,3,16,2,29,201
138305,138305,138305,4230,24360,221,72,0,-82,1,1164,1,71,184
9670,9670,9670,1115,42840,152,56,0,6,-2,6,1,66,198
126391,126391,126391,4213,54960,148,74,0,20,1,67,0,60,176
102784,102784,102784,4118,70440,163,31,0,-13,-5,34,5,29,190
103503,103503,103503,4119,70320,194,44,1,10,1,114,0,26,150
150665,150665,150665,5201,38760,75,73,0,-31,3,164,4,0,0
10391,10391,10391,1116,42960,184,53,1,13,-5,74,6,52,151
12268,12268,12268,1203,9000,13,84,0,-2,0,0,0,76,12
481,481,481,1101,57720,64,11,1,15,5,38,5,0,0
6186,6186,6186,1109,52800,109,13,0,-18,-1,64,1,25,72
150551,150551,150551,5201,25080,66,76,0,-1,0,12,0,0,0
99112,99112,99112,4112,57240,102,75,0,28,1,258,2,13,147
98263,98263,98263,4111,41760,198,3,1,-40,0,658,0,13,137
42035,42035,42035,2211,50160,147,21,0,-28,-1,134,0,17,79
90590,90590,90590,3234,69720,69,64,0,-8,-5,24,10,67,82
26521,26521,26521,2107,82200,142,11,0,-32,-2,227,0,12,66
27903,27903,27903,2109,81720,183,60,0,3,-17,2,88,74,127
97490,97490,97490,4110,35400,171,67,0,-48,5,392,4,16,177
155023,155023,155023,5208,43320,50,61,0,6,0,6,3,63,85
123416,123416,123416,4209,43320,163,75,0,-16,1,44,0,78,86
134812,134812,134812,4225,37200,199,62,0,12,1,50,0,71,150
69068,69068,69068,3203,10920,9,66,0,-1,0,0,0,67,2
83986,83986,83986,3224,54840,82,22,0,3,0,8,0,51,114
99115,99115,99115,4112,57600,114,76,0,16,2,42,1,8,166
45097,45097,45097,2217,72000,215,50,0,-48,9,394,18,55,202
96766,96766,96766,4109,34920,147,15,1,-6,0,62,0,10,110
30267,30267,30267,2113,20400,22,85,0,6,-1,6,0,71,15
96083,96083,96083,4108,39360,122,17,0,30,9,1088,29,29,223
96886,96886,96886,4109,49320,244,58,0,-42,1,350,0,67,184
27062,27062,27062,2108,60720,215,23,0,-28,0,219,0,17,206
86913,86913,86913,3228,60480,92,80,0,-15,0,122,0,58,109
90792,90792,90792,4101,7560,33,66,0,0,0,0,0,0,0
81178,81178,81178,3220,10560,9,85,0,-2,0,2,0,70,12
45852,45852,45852,2218,76200,70,20,1,10,2,16,1,9,50
42948,42948,42948,2212,73320,91,60,0,5,5,13,5,62,123
27906,27906,27906,2109,82080,166,70,0,0,-4,22,2,72,115
86270,86270,86270,3227,69720,49,7,0,6,-1,14,0,60,62
56606,56606,56606,3115,70680,116,38,0,1,-2,0,2,25,91
4835,4835,4835,1107,63480,248,26,0,1,1,20,0,25,162
87526,87526,87526,3229,47640,117,45,0,2,4,8,3,43,53
21881,21881,21881,2101,43800,80,34,0,-5,-6,8,8,0,0
39995,39995,39995,2208,64560,83,82,0,-4,2,216,0,16,105
113309,113309,113309,4133,40080,152,20,1,-4,5,10,4,77,111
111902,111902,111902,4131,44040,128,77,0,-2,0,32,0,78,117
45129,45129,45129,2217,75840,72,14,0,143,20,4708,146,20,161
98390,98390,98390,4111,57000,160,24,1,3,19,1106,204,63,162
99118,99118,99118,4112,57960,116,75,0,20,0,98,0,6,162
52228,52228,52228,3107,63720,176,36,0,2,2,14,1,54,62
90671,90671,90671,3234,79440,56,62,0,-1,-10,0,20,67,69
97525,97525,97525,4110,39600,118,77,0,12,-3,46,1,27,130
122061,122061,122061,4207,53520,120,63,0,-24,0,110,0,39,178
96045,96045,96045,4108,34800,117,9,0,-1,1,0,0,16,154
112993,112993,112993,4133,2160,1,71,0,-1,0,0,0,80,2
96028,96028,96028,4108,32760,54,8,0,30,8,1467,172,22,186
90498,90498,90498,3234,58680,70,63,0,-3,-2,2,2,65,101
5402,5402,5402,1108,45120,170,58,0,-6,1,6,0,30,230
62350,62350,62350,3123,68760,106,66,0,1,-4,12,4,67,125
96037,96037,96037,4108,33840,57,4,0,-13,0,29,0,10,73
114026,114026,114026,4134,39720,71,80,0,26,-4,299,4,22,148
114124,114124,114124,4134,51480,92,75,0,16,2,106,6,34,157
97482,97482,97482,4110,34440,132,75,0,-8,-2,28,1,16,149
97528,97528,97528,4110,39960,174,68,0,-67,8,777,14,41,221
117729,117729,117729,4201,52080,0,83,0,0,-3,0,2,0,0
51245,51245,51245,3106,32160,124,41,0,-1,4,2,3,43,150
87529,87529,87529,3229,48000,127,46,0,0,-3,8,2,43,45
113422,113422,113422,4133,53640,209,30,0,3,0,30,5,58,125
31147,31147,31147,2114,39600,148,61,0,-8,4,28,3,81,106
112990,112990,112990,4133,1800,1,71,0,1,0,0,0,80,1
120620,120620,120620,4205,53400,113,73,0,-32,0,174,0,74,152
45455,45455,45455,2218,28560,153,39,0,1,-2,4,6,38,238
89860,89860,89860,3233,68520,75,69,0,-15,0,160,8,0,0
15533,15533,15533,1207,59400,111,73,0,28,-4,148,4,63,105
96749,96749,96749,4109,32880,76,10,1,3,-2,2,0,6,51
128295,128295,128295,4216,29400,287,63,0,-35,-8,410,10,76,182
63072,63072,63072,3124,69000,153,31,0,-33,1,314,12,68,109
78041,78041,78041,3215,66120,88,25,1,5,3,24,14,63,141
103499,103499,103499,4119,69840,190,47,1,34,-22,406,208,18,161
87709,87709,87709,3229,69600,103,44,0,14,2,46,4,86,46
54519,54519,54519,3110,79440,64,76,0,13,-3,29,4,69,87
43463,43463,43463,2215,48720,89,17,0,3,3,8,2,0,0
3135,3135,3135,1105,32040,51,9,0,16,4,576,2,21,70
86805,86805,86805,3228,47520,48,42,1,1,-1,34,76,7,61
36868,36868,36868,2203,34920,133,27,0,5,1,316,20,81,82
42045,42045,42045,2211,51360,125,18,0,-8,4,314,2,21,105
29729,29729,29729,2112,42240,111,54,1,3,-1,314,4,16,139
7630,7630,7630,1112,53280,98,15,0,1,-3,0,8,14,99
113387,113387,113387,4133,49440,198,64,0,-37,3,817,21,76,151
122060,122060,122060,4207,53400,96,63,0,20,2,1034,0,46,159
97068,97068,97068,4109,71160,148,70,0,-10,-2,43,0,72,114
40597,40597,40597,2209,50400,56,10,0,5,0,8,0,8,71
3966,3966,3966,1106,45480,103,15,0,0,4,512,13,20,68
14859,14859,14859,1206,64920,88,63,0,6,-3,38,4,71,265
33510,33510,33510,2117,63960,176,43,0,-13,-10,68,18,69,58
7619,7619,7619,1112,51960,144,25,0,-36,-9,354,16,20,104
27238,27238,27238,2108,81840,122,72,1,5,2,8,1,11,117
32812,32812,32812,2116,66600,88,72,1,-22,-2,107,1,73,92
113613,113613,113613,4133,76560,118,67,0,24,-3,114,6,80,59
97531,97531,97531,4110,40320,137,30,0,19,15,340,170,37,226
86670,86670,86670,3228,31320,66,13,0,5,3,44,2,61,99
97527,97527,97527,4110,39840,107,76,0,22,0,80,0,31,210
109010,109010,109010,4127,42600,169,63,0,-13,0,48,2,12,177
29448,29448,29448,2112,8520,24,71,0,0,0,8,0,73,42
22599,22599,22599,2102,43560,100,27,1,-15,0,66,0,28,82
112730,112730,112730,4132,57000,138,72,0,-5,1,28,4,72,199
99114,99114,99114,4112,57480,130,78,0,-8,-3,138,2,9,149
51453,51453,51453,3106,57120,112,33,0,-4,-3,8,6,27,183
112873,112873,112873,4132,74160,52,78,0,20,1,72,0,77,73
114125,114125,114125,4134,51600,121,72,0,-29,3,140,4,34,163
96040,96040,96040,4108,34200,142,4,0,-84,-1,1754,0,10,100
96923,96923,96923,4109,53760,203,39,0,-27,0,214,3,14,162
98245,98245,98245,4111,39600,150,22,1,10,8,54,118,77,118
55914,55914,55914,3114,74040,29,4,0,5,2,10,2,0,0
77816,77816,77816,3215,39120,141,64,0,17,-2,637,18,65,170
8433,8433,8433,1113,67080,183,21,0,75,10,1550,24,53,141
21197,21197,21197,1216,47880,144,65,0,2,1,80,2,71,152
32813,32813,32813,2116,66720,64,71,1,24,1,118,0,72,82
8317,8317,8317,1113,53160,165,14,1,1,-3,734,4,12,99
167343,167343,167343,6209,57240,68,46,0,22,1,144,6,48,57
89862,89862,89862,3233,68760,89,65,0,-1,2,40,2,0,0
97539,97539,97539,4110,41280,129,14,0,11,2,20,0,18,164
359,359,359,1101,43080,65,63,0,6,0,38,0,0,0
57352,57352,57352,3116,73800,29,80,0,8,-5,252,16,34,43
8321,8321,8321,1113,53640,251,16,1,-95,-5,1580,4,11,101
41048,41048,41048,2210,18120,28,70,0,-3,0,6,0,78,33
26251,26251,26251,2107,49800,176,31,0,20,-14,146,34,19,42
86991,86991,86991,3228,69840,54,82,1,-7,1,12,2,7,51
38124,38124,38124,2206,12840,9,77,0,3,0,26,0,82,10
98260,98260,98260,4111,41400,152,4,1,-2,0,4,0,13,117
57358,57358,57358,3116,74520,41,80,0,0,-2,0,0,40,71
30448,30448,30448,2113,42120,105,81,0,-64,4,882,20,53,114
98483,98483,98483,4111,68160,223,55,0,-12,6,61,16,54,164
5406,5406,5406,1108,45600,125,71,0,1,-5,93,4,11,163
98484,98484,98484,4111,68280,229,53,0,-6,2,56,11,56,169
98973,98973,98973,4112,40560,104,75,0,12,-5,38,6,6,144
83982,83982,83982,3224,54360,86,22,0,-11,0,40,0,33,106
60671,60671,60671,3121,40080,87,71,0,-5,-1,8,0,63,103
32092,32092,32092,2115,66600,92,73,0,-9,-7,14,8,59,152
104219,104219,104219,4120,69840,171,69,0,37,-9,1181,22,47,190
21279,21279,21279,1216,57720,147,58,0,-3,6,8,32,69,192
137980,137980,137980,4229,71760,128,74,0,-8,-4,24,2,75,100
133986,133986,133986,4224,24240,143,74,0,9,-2,33,1,77,156
160885,160885,160885,6110,57240,172,59,1,16,0,270,64,0,0
86986,86986,86986,3228,69240,48,73,1,5,-27,268,522,9,42
89662,89662,89662,3233,44760,102,66,0,-5,1,28,1,0,0
27202,27202,27202,2108,77520,154,17,0,4,-1,46,1,15,147
22768,22768,22768,2102,63840,148,77,0,-2,-1,50,0,61,121
114122,114122,114122,4134,51240,117,71,0,-15,6,40,6,21,173
9268,9268,9268,1114,81000,157,71,0,16,-1,314,0,66,215
86990,86990,86990,3228,69720,47,83,1,-1,3,1,2,7,49
41975,41975,41975,2211,42960,172,59,0,9,-4,29,4,54,138
17597,17597,17597,1211,47880,179,62,0,55,-18,1026,91,65,115
71566,71566,71566,3206,66720,87,69,0,5,-3,148,2,71,88
49805,49805,49805,3104,32160,67,9,0,15,1,105,6,11,36
112589,112589,112589,4132,40080,111,77,0,-12,-1,46,0,75,134
4578,4578,4578,1107,32640,215,54,0,-31,6,194,6,21,138
42036,42036,42036,2211,50280,123,20,0,24,1,152,0,19,129
75884,75884,75884,3212,66480,140,64,0,-15,-1,66,0,73,48
166362,166362,166362,6208,25800,81,53,0,5,3,72,1,32,224
98252,98252,98252,4111,40440,139,6,1,16,1,56,0,17,125
40595,40595,40595,2209,50160,63,11,0,-6,-1,56,0,9,62
160675,160675,160675,6110,32040,123,80,0,0,-7,37,9,0,0
56632,56632,56632,3115,73800,43,34,1,-2,-2,22,11,8,37
29805,29805,29805,2112,51360,138,57,0,9,4,38,16,61,143
28255,28255,28255,2110,38160,146,9,1,-5,1,20,9,0,0
78761,78761,78761,3216,66120,69,75,0,-8,-2,11,0,25,88
25579,25579,25579,2106,55560,65,13,0,-3,-1,8,1,7,76
96628,96628,96628,4109,18360,17,79,0,-2,1,2,0,78,13
51282,51282,51282,3106,36600,111,37,0,5,0,4,0,27,159
112682,112682,112682,4132,51240,140,65,0,-32,9,278,14,73,167
105995,105995,105995,4123,23760,109,74,0,-16,-5,53,8,77,98
495,495,495,1101,59400,93,23,0,-12,-8,266,28,0,0
4357,4357,4357,1107,6000,57,76,0,6,0,6,0,80,33
87711,87711,87711,3229,69840,73,62,0,35,-11,238,54,82,54
44333,44333,44333,2216,66720,162,17,0,12,-1,152,0,21,88
97530,97530,97530,4110,40200,156,45,0,26,17,118,94,33,222
109013,109013,109013,4127,42960,201,54,0,5,1,16,12,34,192
55760,55760,55760,3114,55560,104,55,0,5,10,24,34,0,0
74383,74383,74383,3210,59160,89,68,0,17,-7,49,10,52,121
31979,31979,31979,2115,53040,60,71,0,38,-8,258,16,53,131
8316,8316,8316,1113,53040,166,11,1,57,5,594,4,19,100
96043,96043,96043,4108,34560,116,9,0,16,2,50,0,18,152
104225,104225,104225,4120,70560,176,71,0,-9,0,29,0,45,212
29279,29279,29279,2111,74640,144,59,0,-39,3,566,26,29,128
102655,102655,102655,4118,54960,183,64,0,-39,2,254,2,66,192
96482,96482,96482,4109,840,33,80,0,-7,0,9,0,80,20
38562,38562,38562,2206,65400,79,8,0,0,0,26,0,47,41
97676,97676,97676,4110,57720,118,12,0,2,-1,0,0,39,228
50527,50527,50527,3105,32400,115,62,1,5,-2,238,72,10,88
27237,27237,27237,2108,81720,127,74,1,2,-3,0,157,12,121
96757,96757,96757,4109,33840,58,4,1,6,1,43,0,4,57
22963,22963,22963,2103,840,21,83,0,-4,0,4,0,80,26
8319,8319,8319,1113,53400,185,14,1,-20,0,88,0,12,95
78767,78767,78767,3216,66840,107,66,0,-45,9,572,26,44,129
357,357,357,1101,42840,80,62,0,5,-4,224,2,0,0
83264,83264,83264,3223,54600,118,42,1,-7,-15,24,38,0,0
97489,97489,97489,4110,35280,123,72,0,18,-1,57,1,14,134
102060,102060,102060,4117,69960,162,27,1,32,6,458,9,60,174
103500,103500,103500,4119,69960,199,46,1,-9,1,206,102,18,147
97679,97679,97679,4110,58080,123,15,0,4,-3,66,2,15,173
97466,97466,97466,4110,32520,66,80,0,-6,1,6,0,12,77
31178,31178,31178,2114,43320,179,47,0,9,0,414,0,77,133
98522,98522,98522,4111,72840,142,70,0,-24,1,104,0,74,117
26517,26517,26517,2107,81720,121,12,0,2,0,0,5,17,63
90667,90667,90667,3234,78960,67,58,0,10,7,96,9,64,78
104449,104449,104449,4121,11040,17,81,0,-8,0,14,0,82,8
22601,22601,22601,2102,43800,98,26,1,-6,-5,11,6,34,80
97561,97561,97561,4110,43920,178,68,0,3,-4,2,4,56,196
27039,27039,27039,2108,57960,166,19,0,18,0,57,0,18,159
97677,97677,97677,4110,57840,108,12,0,10,0,27,0,25,226
98970,98970,98970,4112,40200,108,72,0,0,2,8,0,7,139
7628,7628,7628,1112,53040,100,19,0,49,6,860,11,20,156
113459,113459,113459,4133,58080,198,24,1,-17,-1,254,0,29,130
29728,29728,29728,2112,42120,114,53,1,-39,5,1014,20,14,112
86809,86809,86809,3228,48000,45,43,1,7,1,8,0,9,63
96033,96033,96033,4108,33360,61,3,0,3,0,157,0,9,82
9036,9036,9036,1114,53160,177,50,0,-41,-2,544,14,14,165
96044,96044,96044,4108,34680,116,10,0,0,-1,56,0,18,147
63816,63816,63816,3125,71880,95,62,0,-22,1,124,0,61,139
134999,134999,134999,4225,59640,192,64,0,-2,-2,64,0,70,168
125121,125121,125121,4211,75360,140,68,0,-5,3,5,1,79,88
98481,98481,98481,4111,67920,204,65,0,-31,0,160,3,63,160
72912,72912,72912,3208,55440,81,16,1,35,5,453,10,69,60
32095,32095,32095,2115,66960,98,66,0,13,2,140,6,43,178
26487,26487,26487,2107,78120,106,10,0,26,1,126,1,12,63
26494,26494,26494,2107,78960,149,19,0,15,-2,193,8,23,92
87703,87703,87703,3229,68880,113,41,0,1,6,2,8,8,74
96715,96715,96715,4109,28800,239,62,0,-6,4,78,10,72,200
44637,44637,44637,2217,16800,10,74,0,11,0,32,0,79,14
97672,97672,97672,4110,57240,134,29,0,31,15,194,193,60,214
98395,98395,98395,4111,57600,166,8,1,-17,1,68,1,11,120
15583,15583,15583,1207,65400,114,70,0,13,-2,121,0,52,95
96702,96702,96702,4109,27240,189,65,0,44,0,322,3,73,172
29007,29007,29007,2111,42000,76,20,0,76,12,2082,379,29,223
113165,113165,113165,4133,22800,115,76,0,-20,-3,138,6,83,79
113136,113136,113136,4133,19320,33,74,0,-6,-3,32,8,79,20
13482,13482,13482,1204,68280,162,52,0,14,3,32,1,73,140
121340,121340,121340,4206,53400,159,46,1,-24,19,246,80,73,113
151446,151446,151446,5202,46080,64,79,0,-3,-3,1,2,76,50
87525,87525,87525,3229,47520,119,49,0,5,0,5,3,42,48
55942,55942,55942,3114,77400,108,31,0,-4,-1,6,0,0,0
31260,31260,31260,2114,53160,153,48,1,-22,5,267,20,11,76
5194,5194,5194,1108,20160,41,81,0,-2,3,2,2,83,87
98240,98240,98240,4111,39000,230,58,0,-1,1,2,0,66,176
11275,11275,11275,1201,62640,153,72,0,-42,0,411,26,0,0
100984,100984,100984,4116,27240,129,77,0,10,-5,60,4,66,177
86810,86810,86810,3228,48120,48,43,1,-3,0,8,0,6,69
9672,9672,9672,1115,43080,109,29,0,42,23,401,141,67,199
98036,98036,98036,4111,14520,10,78,0,-5,0,8,0,85,4
16253,16253,16253,1208,59400,142,19,1,10,-1,337,4,73,111
7631,7631,7631,1112,53400,95,12,0,3,3,2,2,13,110
163852,163852,163852,6204,70200,107,72,0,-9,-1,13,0,68,135
87704,87704,87704,3229,69000,115,43,0,-2,-2,0,6,17,85
26299,26299,26299,2107,55560,155,48,1,-36,2,242,2,13,65
8013,8013,8013,1113,12840,23,90,0,12,0,88,0,72,12
28260,28260,28260,2110,38760,173,13,0,1,1,9,0,14,180
113009,113009,113009,4133,4080,0,71,0,5,0,4,0,80,1
10702,10702,10702,1116,80280,165,64,0,-27,9,126,22,78,96
96884,96884,96884,4109,49080,207,58,0,16,-1,43,2,68,172
113509,113509,113509,4133,64080,169,21,0,6,-1,24,0,13,117
79958,79958,79958,3218,36960,103,58,0,-7,5,42,8,38,132
102781,102781,102781,4118,70080,182,21,0,-35,-3,206,2,35,152
21525,21525,21525,2101,840,21,105,0,-15,0,38,0,0,0
96039,96039,96039,4108,34080,58,3,0,-9,0,16,0,9,83
112727,112727,112727,4132,56640,158,76,0,-38,2,241,2,73,187
160670,160670,160670,6110,31440,148,75,0,-18,-1,54,0,0,0
3967,3967,3967,1106,45600,86,13,0,17,2,64,6,8,53
52893,52893,52893,3108,57120,47,49,0,38,8,241,21,34,165
83059,83059,83059,3223,30000,144,47,0,-9,3,20,1,0,0
78044,78044,78044,3215,66480,83,23,1,8,1,11,0,65,125
96753,96753,96753,4109,33360,69,7,1,-2,2,14,2,3,61
80023,80023,80023,3218,44760,94,62,0,-1,8,16,10,53,129
26518,26518,26518,2107,81840,117,11,0,4,1,6,0,12,64
31590,31590,31590,2115,6360,34,86,0,14,0,50,0,68,48
97675,97675,97675,4110,57600,120,11,0,0,1,2,2,54,238
97526,97526,97526,4110,39720,129,76,0,-11,1,29,1,25,138
6351,6351,6351,1109,72600,84,72,0,49,-7,493,8,69,72
97540,97540,97540,4110,41400,117,13,0,12,1,88,1,18,168
102783,102783,102783,4118,70320,150,26,0,1,0,220,5,42,228
154121,154121,154121,5207,21480,42,73,0,-7,1,8,2,76,45
41332,41332,41332,2210,52200,96,16,0,18,1,64,2,11,61
42039,42039,42039,2211,50640,137,22,0,-20,-1,66,0,17,99
114169,114169,114169,4134,56880,98,79,0,32,-7,188,9,23,158
167338,167338,167338,6209,56640,69,51,0,-3,-6,2,24,49,56
16684,16684,16684,1210,24720,152,66,0,51,-4,873,10,0,0
107590,107590,107590,4125,42360,183,72,0,10,1,30,0,76,128
13673,13673,13673,1205,4800,137,85,0,-37,0,384,0,85,67
6801,6801,6801,1111,40200,166,61,0,2,3,200,2,0,0
1786,1786,1786,1103,42480,279,30,0,0,0,50,18,21,171
55913,55913,55913,3114,73920,34,6,0,3,2,6,8,0,0
139218,139218,139218,4231,47520,130,77,0,-4,-2,274,0,71,191
97485,97485,97485,4110,34800,127,74,0,-3,3,8,1,15,141
91845,91845,91845,4102,49200,83,78,0,21,1,82,1,56,33
3963,3963,3963,1106,45120,163,29,0,13,-1,29,29,67,119
55919,55919,55919,3114,74640,95,11,1,-58,-9,640,16,0,0
40596,40596,40596,2209,50280,61,10,0,2,1,6,0,8,102
103505,103505,103505,4119,70560,212,45,1,-16,1,64,0,23,162
97945,97945,97945,4111,3600,14,78,0,7,0,28,0,85,11
86267,86267,86267,3227,69360,32,7,0,10,2,155,4,62,63
97484,97484,97484,4110,34680,124,77,0,-4,-2,24,0,14,160
98966,98966,98966,4112,39720,100,75,0,-8,5,54,4,16,156
86271,86271,86271,3227,69840,51,7,0,-2,0,6,0,62,65
98984,98984,98984,4112,41880,174,64,0,16,-2,56,1,26,223
96765,96765,96765,4109,34800,141,15,1,19,-1,60,0,9,117
97763,97763,97763,4110,68160,164,54,1,13,-4,52,29,25,175
98008,98008,98008,4111,11160,9,78,0,2,0,6,0,85,5
113402,113402,113402,4133,51240,173,21,1,7,-2,32,2,65,140
133668,133668,133668,4223,72480,103,75,0,-25,-1,113,0,78,81
84125,84125,84125,3224,71520,70,70,0,2,0,8,64,56,111
98516,98516,98516,4111,72120,128,70,0,2,1,38,0,78,87
32444,32444,32444,2116,22440,35,80,0,-15,2,84,0,78,32
9369,9369,9369,1115,6720,33,88,0,-9,0,14,0,80,35
48546,48546,48546,3102,53880,107,30,0,-8,3,10,26,18,88
134507,134507,134507,4225,360,32,73,0,-6,0,70,3,86,14
108304,108304,108304,4126,42720,182,19,1,-5,-7,24,12,52,168
9035,9035,9035,1114,53040,136,48,0,55,9,710,33,11,166
120621,120621,120621,4205,53520,108,75,0,5,-2,197,0,75,149
96025,96025,96025,4108,32400,160,71,0,-27,6,128,8,19,182
96593,96593,96593,4109,14160,1,80,0,8,0,12,0,80,1
32954,32954,32954,2116,83640,96,75,0,-6,4,9,2,71,120
27018,27018,27018,2108,55440,125,17,0,30,0,454,0,50,119
33492,33492,33492,2117,61800,190,62,0,-31,-3,161,2,74,88
151619,151619,151619,5202,66840,89,67,0,2,-2,98,14,62,102
131961,131961,131961,4221,40440,190,72,0,-25,1,944,12,66,249
74954,74954,74954,3211,41280,63,73,0,-3,0,6,2,62,100
113159,113159,113159,4133,22080,64,75,0,-8,3,10,2,81,42
5602,5602,5602,1108,69120,173,49,0,0,11,10,22,26,231
98556,98556,98556,4111,76920,114,71,0,5,3,8,2,76,67
4747,4747,4747,1107,52920,127,12,0,19,17,1609,48,24,91
96603,96603,96603,4109,15360,10,80,0,1,0,6,0,80,6
57357,57357,57357,3116,74400,41,78,0,0,1,50,0,33,57
112588,112588,112588,4132,39960,99,76,0,16,2,48,0,73,152
97464,97464,97464,4110,32280,63,80,0,-10,3,54,1,30,140
51248,51248,51248,3106,32520,76,69,0,20,-23,280,128,63,115
110538,110538,110538,4129,53160,232,69,0,-2,1,27,0,67,152
98974,98974,98974,4112,40680,122,74,0,-18,1,56,4,5,158
303,303,303,1101,36360,90,19,0,-6,1,14,2,0,0
114202,114202,114202,4134,60840,84,80,0,8,-4,11,2,36,152
98414,98414,98414,4111,59880,234,36,0,-5,1,28,0,23,190
113446,113446,113446,4133,56520,184,36,1,-17,2,57,1,78,120
87705,87705,87705,3229,69120,118,40,0,-3,3,4,1,46,53
77803,77803,77803,3215,37560,114,69,0,12,2,174,2,65,156
98230,98230,98230,4111,37800,238,38,0,-10,-5,22,5,63,194
86574,86574,86574,3228,19800,15,90,0,3,-1,2,1,70,24
83126,83126,83126,3223,38040,127,46,0,0,-3,2,6,0,0
44903,44903,44903,2217,48720,235,41,0,-1,0,24,0,24,169
2775,2775,2775,1104,75240,138,67,0,33,-1,1550,2,48,225
56634,56634,56634,3115,74040,39,35,1,4,-1,3,0,4,29
112683,112683,112683,4132,51360,107,46,0,33,19,234,136,76,137
108305,108305,108305,4126,42840,191,30,1,-9,-11,33,54,45,179
96908,96908,96908,4109,51960,213,33,0,-5,4,13,6,69,168
77321,77321,77321,3214,66120,141,63,0,11,-1,26,6,68,99
17998,17998,17998,1212,9600,49,69,0,-15,0,38,0,72,64
90670,90670,90670,3234,79320,55,52,0,2,9,14,22,66,55
97524,97524,97524,4110,39480,130,74,0,-16,1,598,20,24,133
97764,97764,97764,4110,68280,169,56,1,-5,-2,28,6,22,197
8073,8073,8073,1113,20040,103,82,0,-17,5,60,4,78,32
103504,103504,103504,4119,70440,196,46,1,-2,-2,18,0,31,163
78039,78039,78039,3215,65880,100,34,1,-2,3,89,6,68,141
7632,7632,7632,1112,53520,95,12,0,0,0,2,2,14,120
41689,41689,41689,2211,8640,16,71,0,-3,0,1,0,70,12
97486,97486,97486,4110,34920,125,75,0,2,-1,1,1,15,147
77323,77323,77323,3214,66360,145,62,0,-2,2,2,0,68,89
45131,45131,45131,2217,76080,53,10,0,-2,0,89,3,9,90
77320,77320,77320,3214,66000,152,62,0,-11,6,176,8,69,100
10390,10390,10390,1116,42840,197,48,1,8,-1,21,0,56,152
98972,98972,98972,4112,40440,116,70,0,2,6,18,6,6,139
113306,113306,113306,4133,39720,148,22,1,-41,14,1262,76,76,112
91032,91032,91032,4101,36360,33,58,0,0,-6,0,6,0,0
98976,98976,98976,4112,40920,112,74,0,8,-4,18,3,5,160
22477,22477,22477,2102,28920,130,24,0,12,7,579,8,26,107
20416,20416,20416,1215,40560,208,65,0,-6,-2,144,1,45,160
115224,115224,115224,4136,10680,1,84,0,0,0,0,0,78,10
113412,113412,113412,4133,52440,212,31,0,13,0,57,3,33,137
52173,52173,52173,3107,57120,165,34,1,15,-3,38,2,33,112
56637,56637,56637,3115,74400,57,33,1,-12,11,88,32,3,47
36457,36457,36457,2202,72000,44,82,0,-6,-1,28,0,65,95
98485,98485,98485,4111,68400,223,49,0,6,4,8,6,64,164
112587,112587,112587,4132,39840,115,78,0,-3,-2,42,2,75,141
87095,87095,87095,3228,82320,70,76,0,-10,4,105,40,62,78
4874,4874,4874,1107,68160,252,30,0,-11,-6,88,9,26,175
96767,96767,96767,4109,35040,140,15,1,7,0,9,0,9,121
105664,105664,105664,4122,70440,165,74,0,2,0,4,3,68,199
103320,103320,103320,4119,48360,158,71,0,42,-8,366,10,70,137
77788,77788,77788,3215,35760,137,69,0,-9,-1,81,6,56,168
97481,97481,97481,4110,34320,124,73,0,-5,3,4,4,16,151
26720,26720,26720,2108,19680,51,80,0,0,1,22,0,80,48
23321,23321,23321,2103,43800,88,11,0,7,0,8,0,26,98
156579,156579,156579,6101,57240,60,54,0,0,-1,150,6,0,0
160968,160968,160968,6110,67200,123,49,0,33,-16,274,69,0,0
482,482,482,1101,57840,53,12,1,11,-1,113,4,0,0
147009,147009,147009,5104,32040,77,79,0,3,-2,10,0,71,126
89758,89758,89758,3233,56280,124,62,0,-19,4,162,6,0,0
97470,97470,97470,4110,33000,65,80,0,2,4,22,2,13,85
39282,39282,39282,2207,65400,144,54,1,19,-16,76,150,8,79
55770,55770,55770,3114,56760,96,35,0,8,-7,10,17,0,0
96516,96516,96516,4109,4920,16,80,0,2,0,14,0,80,13
83985,83985,83985,3224,54720,85,22,0,4,2,2,0,41,133
108622,108622,108622,4126,82440,87,76,0,16,-2,56,1,75,67
131596,131596,131596,4220,83040,68,75,0,-14,3,38,1,79,49
26520,26520,26520,2107,82080,110,9,0,0,1,10,0,12,52
97472,97472,97472,4110,33240,60,80,0,6,2,6,0,9,67
8252,8252,8252,1113,45360,238,16,0,10,3,105,2,23,136
108303,108303,108303,4126,42600,177,12,1,-7,-1,8,9,58,163
112684,112684,112684,4132,51480,93,47,0,14,-1,388,76,75,148
83262,83262,83262,3223,54360,106,33,1,15,7,105,8,0,0
99389,99389,99389,4114,4080,20,85,0,-3,0,17,0,0,0
98416,98416,98416,4111,60120,236,35,0,-2,0,0,0,28,194
9037,9037,9037,1114,53280,146,55,0,31,-5,304,8,14,165
90156,90156,90156,3234,17640,5,65,0,-3,0,1,0,78,7
28975,28975,28975,2111,38160,95,63,0,-7,-1,42,2,9,146
29573,29573,29573,2112,23520,69,69,0,3,1,2,0,72,61
97526,97526,97526,4110,39720,129,76,0,-11,1,29,1,25,138
16123,16123,16123,1208,43800,195,47,0,-5,8,8,12,73,127
49257,49257,49257,3103,52800,51,16,0,11,2,132,1,29,105
25578,25578,25578,2106,55440,62,12,0,-4,-2,2,0,5,79
55920,55920,55920,3114,74760,100,28,1,-5,-17,817,116,0,0
87708,87708,87708,3229,69480,117,46,0,1,-5,2,5,87,44
44183,44183,44183,2216,48720,169,24,1,15,-9,50,16,17,89
96321,96321,96321,4108,67920,116,14,0,4,3,216,2,31,177
102726,102726,102726,4118,63480,190,67,0,8,-4,48,8,64,229
27905,27905,27905,2109,81960,166,66,0,10,2,48,11,72,115
78190,78190,78190,3215,84000,45,73,0,12,4,38,2,73,87
5217,5217,5217,1108,22920,80,78,0,-13,0,52,5,80,118
90632,90632,90632,3234,74760,51,61,0,7,0,14,2,72,34
86536,86536,86536,3228,15240,9,84,0,-5,0,4,0,70,10
98981,98981,98981,4112,41520,170,68,0,-64,6,790,6,3,136
113383,113383,113383,4133,48960,177,63,0,27,1,156,0,76,121
6353,6353,6353,1109,72840,44,76,0,12,-4,280,3,67,90
83265,83265,83265,3223,54720,133,41,1,-15,1,84,46,0,0
97044,97044,97044,4109,68280,197,22,0,-22,3,130,1,19,137
114172,114172,114172,4134,57240,112,74,0,6,3,56,2,21,190
96758,96758,96758,4109,33960,57,6,1,1,-2,9,0,3,49
50788,50788,50788,3105,63720,72,16,0,33,11,2082,40,18,136
96084,96084,96084,4108,39480,136,12,0,-14,5,150,33,27,218
98967,98967,98967,4112,39840,112,76,0,-12,-1,67,4,13,154
4573,4573,4573,1107,32040,151,73,0,65,-15,2730,113,19,98
102782,102782,102782,4118,70200,151,26,0,31,-5,244,10,50,175
4364,4364,4364,1107,6840,50,76,0,-10,0,27,0,80,27
83576,83576,83576,3224,5640,20,82,0,9,0,33,0,76,26
9040,9040,9040,1114,53640,166,73,0,-18,2,80,22,16,251
96761,96761,96761,4109,34320,151,16,1,-9,0,14,2,10,118
9039,9039,9039,1114,53520,148,75,0,-2,-11,0,66,11,156
5404,5404,5404,1108,45360,105,68,0,19,-10,744,22,14,161
463,463,463,1101,55560,43,7,0,0,5,150,10,0,0
90671,90671,90671,3234,79440,56,62,0,-1,-10,0,20,67,69
32093,32093,32093,2115,66720,82,72,0,10,1,20,9,54,165
87003,87003,87003,3228,71280,68,79,0,2,-4,80,141,57,87
97467,97467,97467,4110,32640,61,81,0,5,-1,6,0,8,79
26300,26300,26300,2107,55680,146,49,1,9,-1,234,0,11,59
98456,98456,98456,4111,64920,228,65,0,-33,2,314,4,68,182
86263,86263,86263,3227,68880,90,44,0,40,5,270,10,58,60
102779,102779,102779,4118,69840,161,18,0,-37,5,281,148,33,194
56696,56696,56696,3115,81480,103,60,0,10,-8,27,37,71,77
98012,98012,98012,4111,11640,5,78,0,1,0,1,0,85,3
27239,27239,27239,2108,81960,115,72,1,7,0,24,0,10,110
164483,164483,164483,6205,59520,77,88,0,12,-4,104,6,80,126
96744,96744,96744,4109,32280,140,30,1,54,6,916,168,77,133
98226,98226,98226,4111,37320,243,57,0,-46,7,390,20,54,209
98249,98249,98249,4111,40080,160,9,1,4,2,16,2,62,182
96035,96035,96035,4108,33600,53,5,0,-1,2,16,2,8,85
51246,51246,51246,3106,32280,117,44,0,7,-3,9,2,60,120
151747,151747,151747,5202,82200,25,75,0,-1,4,0,2,70,22
27017,27017,27017,2108,55320,155,17,0,22,1,102,0,46,148
98257,98257,98257,4111,41040,172,4,1,-12,1,46,0,14,136
68106,68106,68106,3131,68280,72,65,0,36,-1,472,1,55,128
33534,33534,33534,2117,66840,133,39,0,18,-6,72,20,61,85
113482,113482,113482,4133,60840,152,36,1,22,18,81,59,80,117
56633,56633,56633,3115,73920,43,34,1,0,0,0,0,6,34
97678,97678,97678,4110,57960,127,12,0,-19,0,60,0,21,159
103381,103381,103381,4119,55680,196,67,0,9,2,14,0,69,170
4682,4682,4682,1107,45120,230,30,1,3,0,4,3,29,163
90670,90670,90670,3234,79320,55,52,0,2,9,14,22,66,55
390,390,390,1101,46800,73,45,0,-1,-24,60,160,0,0
136228,136228,136228,4227,34320,135,74,0,-14,2,38,1,78,143
139921,139921,139921,4232,45480,183,66,0,3,4,6,2,74,165
27241,27241,27241,2108,82200,148,70,1,-33,2,242,0,11,142
75880,75880,75880,3212,66000,161,58,0,1,2,9,2,66,66
77326,77326,77326,3214,66720,130,66,0,-14,3,33,2,68,102
45724,45724,45724,2218,60840,155,67,0,-2,-1,8,0,45,244
113453,113453,113453,4133,57360,180,23,1,10,-2,22,0,42,119
3112,3112,3112,1105,29280,118,11,0,-2,1,44,0,24,133
83452,83452,83452,3223,77160,123,43,0,-6,-6,9,16,0,0
151269,151269,151269,5202,24840,64,27,1,6,13,6,52,76,73
96085,96085,96085,4108,39600,110,12,0,26,0,112,5,30,197
98248,98248,98248,4111,39960,164,11,1,-10,2,18,4,68,174
25881,25881,25881,2107,5400,56,81,0,27,0,174,0,69,22
101340,101340,101340,4116,69960,174,60,0,15,2,122,0,53,227
30449,30449,30449,2113,42240,104,82,0,1,-1,896,2,54,111
96518,96518,96518,4109,5160,18,80,0,-1,0,0,0,80,12
45753,45753,45753,2218,64320,147,64,0,8,1,12,0,42,232
39133,39133,39133,2207,47520,183,52,0,-47,7,524,14,62,119
25577,25577,25577,2106,55320,58,10,0,1,0,1,2,9,74
89950,89950,89950,3233,79320,55,66,1,20,-4,80,2,0,0
39994,39994,39994,2208,64440,79,84,0,33,-2,182,6,18,127
13073,13073,13073,1204,19200,32,84,0,2,-2,44,0,82,19
96082,96082,96082,4108,39240,152,26,0,50,4,544,2,33,227
46571,46571,46571,2219,76080,117,61,0,0,2,80,44,22,80
30447,30447,30447,2113,42000,41,85,0,2,7,64,17,58,75
97533,97533,97533,4110,40560,119,12,0,6,5,56,57,32,224
56005,56005,56005,3114,84960,69,72,0,-8,-1,12,1,0,0
38555,38555,38555,2206,64560,48,6,0,3,1,14,12,63,66
4923,4923,4923,1107,74040,255,52,0,-2,-7,32,8,34,178
98455,98455,98455,4111,64800,195,67,0,41,-5,282,4,73,164
63790,63790,63790,3125,68760,79,62,0,-3,2,17,0,39,112
98247,98247,98247,4111,39840,154,13,1,2,3,6,14,76,107
45850,45850,45850,2218,75960,74,19,1,-7,0,8,0,10,51
43948,43948,43948,2216,20520,65,79,0,-1,5,0,4,71,28
90668,90668,90668,3234,79080,64,63,0,3,-5,30,8,64,73
102780,102780,102780,4118,69960,147,18,0,14,0,232,5,27,162
1199,1199,1199,1102,57480,142,18,0,15,-2,538,18,16,73
21879,21879,21879,2101,43560,82,28,0,-12,5,42,6,0,0
76777,76777,76777,3214,840,57,82,0,-12,0,34,0,79,20
140957,140957,140957,4233,83400,61,82,0,3,-3,10,2,76,67
78758,78758,78758,3216,65760,61,75,0,-13,-5,30,4,37,98
109012,109012,109012,4127,42840,206,55,0,-10,7,244,12,30,191
98250,98250,98250,4111,40200,139,7,1,21,2,120,2,45,156
98398,98398,98398,4111,57960,162,6,1,-3,1,6,0,12,127
77322,77322,77322,3214,66240,143,64,0,-2,-1,22,0,62,114
110325,110325,110325,4129,27600,210,75,0,8,1,14,0,74,158
9671,9671,9671,1115,42960,151,52,0,1,4,9,2,69,187
99109,99109,99109,4112,56880,148,69,0,58,-5,658,4,43,163
49807,49807,49807,3104,32400,88,10,0,-14,0,76,0,8,32
78045,78045,78045,3215,66600,75,23,1,8,0,42,0,69,116
94939,94939,94939,4106,74880,81,76,0,24,0,96,0,81,50
108135,108135,108135,4126,21360,75,79,0,-15,-2,37,0,78,52
5173,5173,5173,1108,17640,21,82,0,-4,0,24,0,76,37
110308,110308,110308,4129,25560,242,76,0,-19,0,66,0,76,161
86645,86645,86645,3228,28320,65,18,0,15,-4,37,2,12,105
98396,98396,98396,4111,57720,156,7,1,10,1,48,0,12,118
31259,31259,31259,2114,53040,131,53,1,40,-11,346,49,13,88
96745,96745,96745,4109,32400,86,18,1,54,12,1944,56,71,160
151990,151990,151990,5203,24960,72,72,0,4,0,10,8,21,61
120390,120390,120390,4205,25800,125,72,0,17,2,68,1,77,146
112688,112688,112688,4132,51960,101,14,0,1,17,4,48,75,164
96042,96042,96042,4108,34440,132,11,0,-14,-1,96,9,19,167
86681,86681,86681,3228,32640,78,32,0,-2,18,0,134,61,88
96755,96755,96755,4109,33600,48,5,1,23,1,108,0,5,53
103557,103557,103557,4119,76800,124,73,0,-11,1,60,0,74,106
21880,21880,21880,2101,43680,75,28,0,7,0,24,5,0,0
29008,29008,29008,2111,42120,112,14,0,-36,6,963,56,27,227
86983,86983,86983,3228,68880,74,8,1,-41,4,373,110,44,90
96768,96768,96768,4109,35160,154,16,1,-14,-1,32,0,9,108
41305,41305,41305,2210,48960,78,18,0,13,-2,374,1,13,76
97525,97525,97525,4110,39600,118,77,0,12,-3,46,1,27,130
97523,97523,97523,4110,39360,114,75,0,58,-10,734,16,26,145
29727,29727,29727,2112,42000,75,58,1,-39,6,254,9,20,76
89378,89378,89378,3233,10680,10,78,0,-5,0,4,0,0,0
126649,126649,126649,4213,85920,32,81,0,1,-1,2,0,71,41
5465,5465,5465,1108,52680,131,32,1,16,5,80,16,22,220
144229,144229,144229,4238,44040,86,83,0,-14,0,50,0,81,69
28283,28283,28283,2110,41520,184,50,1,40,5,570,5,21,266
98261,98261,98261,4111,41520,136,3,1,16,1,50,0,12,128
479,479,479,1101,57480,73,16,1,-2,-3,162,14,0,0
41318,41318,41318,2210,50520,78,16,1,13,2,468,1,9,48
113275,113275,113275,4133,36000,201,29,1,-2,-4,14,3,66,129
86985,86985,86985,3228,69120,53,46,1,32,-29,176,262,12,62
44990,44990,44990,2217,59160,175,22,0,-1,-5,20,4,9,52
25887,25887,25887,2107,6120,67,81,0,-4,0,46,0,69,24
6209,6209,6209,1109,55560,113,19,1,-2,-1,0,2,37,176
52834,52834,52834,3108,50040,61,60,0,0,0,138,5,33,170
112686,112686,112686,4132,51720,97,24,0,0,3,3,104,77,143
98606,98606,98606,4111,82920,52,74,0,3,2,54,0,79,41
64238,64238,64238,3126,36120,64,72,0,-6,-4,43,4,48,130
98007,98007,98007,4111,11040,11,78,0,4,0,10,0,85,5
29003,29003,29003,2111,41520,140,58,0,33,-5,190,8,50,184
114030,114030,114030,4134,40200,90,76,0,-3,-1,1,0,19,135
114174,114174,114174,4134,57480,111,76,0,0,1,0,1,20,182
77319,77319,77319,3214,65880,141,68,0,32,-6,259,6,61,108
30539,30539,30539,2113,53040,88,13,0,22,1,94,0,38,195
4746,4746,4746,1107,52800,146,29,0,74,-7,934,24,27,156
96049,96049,96049,4108,35280,126,11,0,-18,-2,57,0,20,151
5405,5405,5405,1108,45480,126,66,0,-21,2,89,18,12,168
96824,96824,96824,4109,41880,155,15,0,-11,4,500,2,17,132
132178,132178,132178,4221,66480,107,74,0,13,0,30,0,72,139
71197,71197,71197,3206,22440,46,72,0,-3,-2,6,0,75,39
97909,97909,97909,4110,85680,34,79,0,8,1,42,1,78,44
103502,103502,103502,4119,70200,204,45,1,-26,0,126,0,26,151
45853,45853,45853,2218,76320,106,27,1,-36,-7,230,8,8,50
26459,26459,26459,2107,74760,215,60,0,1,-27,280,174,59,95
113452,113452,113452,4133,57240,190,21,1,0,1,0,1,63,153
5534,5534,5534,1108,60960,183,59,0,-1,-4,6,16,34,252
4744,4744,4744,1107,52560,173,17,0,-57,1,1250,4,15,96
3968,3968,3968,1106,45720,102,12,0,-16,1,60,1,6,63
95014,95014,95014,4106,83880,40,80,0,13,1,32,0,82,21
90669,90669,90669,3234,79200,57,61,0,7,2,17,4,62,75
22937,22937,22937,2102,84120,84,80,0,26,0,210,0,74,69
33535,33535,33535,2117,66960,140,58,0,-7,-19,54,113,38,69
45133,45133,45133,2217,76320,50,8,0,0,1,2,0,8,82
78038,78038,78038,3215,65760,98,37,1,21,3,78,77,62,173
34249,34249,34249,2118,66240,121,73,0,0,-1,0,0,43,171
90503,90503,90503,3234,59280,81,63,0,-14,0,96,0,62,108
96760,96760,96760,4109,34200,142,16,1,6,-3,1726,17,4,142
97487,97487,97487,4110,35040,136,74,0,-11,1,22,0,15,140
5466,5466,5466,1108,52800,72,25,1,59,7,1040,24,29,146
21280,21280,21280,1216,57840,162,65,0,-15,-7,62,9,66,252
99110,99110,99110,4112,57000,92,72,0,56,-3,2166,10,24,160
112734,112734,112734,4132,57480,139,34,0,-20,8,194,149,75,177
97538,97538,97538,4110,41160,140,16,0,-4,-2,24,1,16,147
97483,97483,97483,4110,34560,120,75,0,12,0,24,0,15,150
129872,129872,129872,4218,48480,240,61,0,-11,-2,80,1,63,244
78046,78046,78046,3215,66720,77,29,1,-2,-6,11,8,66,130
60054,60054,60054,3120,52440,107,65,0,10,-3,18,2,38,125
10392,10392,10392,1116,43080,140,66,1,44,-13,594,57,29,109
97762,97762,97762,4110,68040,177,50,1,-17,13,344,81,24,201
65437,65437,65437,3128,7200,2,73,0,3,0,10,0,80,0
90631,90631,90631,3234,74640,58,61,0,2,3,6,1,69,62
112586,112586,112586,4132,39720,112,76,0,15,4,122,6,75,155
10067,10067,10067,1116,4080,38,80,0,-3,0,30,0,88,22
150419,150419,150419,5201,9240,0,80,0,0,0,0,0,0,0
5194,5194,5194,1108,20160,41,81,0,-2,3,2,2,83,87
109706,109706,109706,4128,39720,126,77,0,7,-7,120,9,63,225
51508,51508,51508,3106,63720,62,54,1,39,-17,488,88,16,72
53363,53363,53363,3109,27120,142,72,0,-5,-2,106,1,56,66
99117,99117,99117,4112,57840,136,75,0,-22,1,107,0,7,159
97476,97476,97476,4110,33720,57,79,0,10,3,43,2,5,64
86266,86266,86266,3227,69240,42,9,0,20,3,354,182,62,66
98979,98979,98979,4112,41280,116,69,0,12,3,38,2,4,150
45443,45443,45443,2218,27120,152,23,0,16,4,99,2,44,263
6187,6187,6187,1109,52920,109,14,0,0,-1,72,0,22,99
78042,78042,78042,3215,66240,85,24,1,3,1,10,2,64,143
45053,45053,45053,2217,66720,149,28,1,61,-1,900,0,17,162
139261,139261,139261,4231,52680,181,72,0,-38,3,414,2,61,181
27590,27590,27590,2109,41520,266,21,0,33,11,201,21,24,184
97535,97535,97535,4110,40800,124,12,0,-25,0,116,0,21,218
55978,55978,55978,3114,81720,84,61,0,5,5,24,16,0,0
55916,55916,55916,3114,74280,33,3,0,-9,1,13,0,0,0
97057,97057,97057,4109,69840,164,53,0,16,-17,284,72,74,118
113403,113403,113403,4133,51360,145,28,1,28,-7,228,14,46,107
114167,114167,114167,4134,56640,123,73,0,-6,0,6,0,34,156
56554,56554,56554,3115,64440,126,42,0,-2,-2,6,1,47,125
113525,113525,113525,4133,66000,176,15,0,-46,4,441,2,77,92
16877,16877,16877,1210,47880,115,65,1,6,-8,518,82,0,0
63097,63097,63097,3124,72000,127,64,0,12,-3,32,2,71,88
45848,45848,45848,2218,75720,71,20,1,85,18,1726,54,34,215
86091,86091,86091,3227,48240,63,7,0,6,-1,8,1,60,59
72192,72192,72192,3207,55440,60,69,0,9,-4,16,2,44,114
114029,114029,114029,4134,40080,87,75,0,1,1,20,1,20,152
32094,32094,32094,2115,66840,111,68,0,-29,4,144,4,47,181
96754,96754,96754,4109,33480,71,6,1,-2,1,2,1,7,52
21262,21262,21262,1216,55680,145,64,0,-8,0,37,0,68,198
97477,97477,97477,4110,33840,59,82,0,-2,-3,18,2,4,58
87089,87089,87089,3228,81600,67,82,0,10,-3,34,2,66,96
148732,148732,148732,5106,66000,80,71,0,12,-2,141,0,64,149
31980,31980,31980,2115,53160,96,67,0,-36,4,304,10,48,153
27953,27953,27953,2110,1920,92,78,0,-4,0,40,0,72,96
41315,41315,41315,2210,50160,79,17,1,30,1,150,1,11,63
56635,56635,56635,3115,74160,34,31,1,5,4,13,2,4,24
96748,96748,96748,4109,32760,79,8,1,0,0,0,3,8,54
113132,113132,113132,4133,18840,22,72,0,-5,2,8,1,79,10
113408,113408,113408,4133,51960,157,34,1,3,-1,36,1,14,101
104222,104222,104222,4120,70200,159,73,0,4,-5,13,4,45,204
113174,113174,113174,4133,23880,170,71,0,7,-3,54,2,78,114
28254,28254,28254,2110,38040,141,10,1,-6,6,1158,94,0,0
98471,98471,98471,4111,66720,199,64,0,-6,-2,56,0,72,154
99113,99113,99113,4112,57360,122,75,0,-20,0,138,0,11,148
113311,113311,113311,4133,40320,188,18,1,-53,1,488,0,76,118
65945,65945,65945,3128,68160,103,59,0,-4,0,10,14,73,43
4685,4685,4685,1107,45480,168,12,1,-7,2,54,44,15,103
54699,54699,54699,3112,14640,0,73,0,0,0,0,0,0,0
46572,46572,46572,2219,76200,109,57,0,8,4,14,6,20,70
1629,1629,1629,1103,22680,90,70,0,18,3,54,2,61,156
151989,151989,151989,5203,24840,76,72,0,-8,-6,460,206,27,64
96863,96863,96863,4109,46560,225,60,0,-20,-2,123,6,70,176
98968,98968,98968,4112,39960,102,74,0,10,2,27,0,11,164
167493,167493,167493,6209,75240,36,59,0,9,-4,74,16,66,43
89947,89947,89947,3233,78960,78,64,1,8,-3,14,1,0,0
14073,14073,14073,1205,55440,150,40,0,10,-23,124,97,18,94
112761,112761,112761,4132,60720,98,81,0,4,-2,20,1,78,142
97527,97527,97527,4110,39840,107,76,0,22,0,80,0,31,210
46573,46573,46573,2219,76320,132,63,0,-23,-6,90,6,27,106
86987,86987,86987,3228,69360,45,80,1,3,-7,10,214,7,32
87706,87706,87706,3229,69240,121,41,0,-3,-1,6,1,73,48
153545,153545,153545,5206,38760,89,75,0,-5,1,10,0,0,0
98256,98256,98256,4111,40920,160,5,1,-4,0,2,0,13,128
12654,12654,12654,1203,55320,121,16,0,-30,-2,187,0,35,161
56631,56631,56631,3115,73680,41,32,1,11,8,860,67,13,40
101612,101612,101612,4117,16200,7,78,0,0,0,0,0,77,7
32815,32815,32815,2116,66960,69,38,1,16,23,80,190,66,98
86265,86265,86265,3227,69120,62,12,0,26,27,162,197,63,67
98394,98394,98394,4111,57480,149,9,1,-1,2,0,2,12,120
96807,96807,96807,4109,39840,210,31,1,-72,-6,1294,6,13,145
84996,84996,84996,3226,3240,22,64,0,-7,0,8,0,61,36
121341,121341,121341,4206,53520,178,39,1,-19,7,309,120,75,108
4745,4745,4745,1107,52680,220,22,0,-47,-5,1808,4,18,112
123008,123008,123008,4208,80760,40,84,0,-4,-7,16,10,72,68
98971,98971,98971,4112,40320,118,76,0,-10,-4,22,2,7,155
98391,98391,98391,4111,57120,144,17,1,16,7,69,120,44,165
96729,96729,96729,4109,30480,187,74,0,-21,-5,78,5,78,144
56519,56519,56519,3115,60240,129,39,0,-1,-3,6,2,29,120
96036,96036,96036,4108,33720,44,4,0,9,1,16,1,10,91
30665,30665,30665,2113,68160,123,37,0,4,-4,8,4,63,144
77732,77732,77732,3215,29040,123,38,0,10,-3,22,1,69,144
350,350,350,1101,42000,90,18,0,-6,1,9,0,0,0
18372,18372,18372,1212,54480,202,59,0,6,2,62,1,37,250
39167,39167,39167,2207,51600,132,18,0,6,-2,78,2,8,72
151271,151271,151271,5202,25080,62,16,1,-1,5,1,20,76,66
108258,108258,108258,4126,37200,241,59,0,34,0,193,0,67,183
113308,113308,113308,4133,39960,148,25,1,-4,-1,3,1,76,99
154642,154642,154642,5207,84000,30,67,0,1,4,4,8,79,28
9038,9038,9038,1114,53400,146,64,0,0,-9,213,33,14,185
98621,98621,98621,4111,84720,49,78,0,-1,-2,180,1,80,35
97045,97045,97045,4109,68400,184,23,0,13,-1,81,1,20,166
87710,87710,87710,3229,69720,108,51,0,-5,-7,33,8,83,47
133712,133712,133712,4223,77760,58,78,0,30,-2,164,2,79,53
39275,39275,39275,2207,64560,105,16,1,22,2,102,0,6,48
38993,38993,38993,2207,30720,115,69,0,-24,1,118,0,74,91
56138,56138,56138,3115,14520,7,77,0,7,0,8,0,77,3
99119,99119,99119,4112,58080,122,73,0,-6,2,70,0,6,153
41358,41358,41358,2210,55320,124,37,0,8,-1,67,9,19,121
131761,131761,131761,4221,16440,7,80,0,-2,0,1,0,78,8
34218,34218,34218,2118,62520,106,76,0,2,5,8,4,32,155
27040,27040,27040,2108,58080,169,22,0,-3,-3,62,2,29,162
16902,16902,16902,1210,50880,182,32,0,-17,-3,49,2,0,0
11601,11601,11601,1202,15360,4,76,0,6,0,6,0,84,7
46568,46568,46568,2219,75720,165,31,0,47,2,428,1,20,71
104220,104220,104220,4120,69960,154,72,0,17,-3,508,26,46,199
1214,1214,1214,1102,59280,195,25,0,-77,-13,1600,48,15,81
86811,86811,86811,3228,48240,50,43,1,-2,0,4,0,7,63
35338,35338,35338,2201,24120,122,67,0,-11,1,60,0,0,0
113107,113107,113107,4133,15840,1,71,0,-1,0,0,0,80,0
47023,47023,47023,2220,43920,217,61,0,9,-4,89,3,33,217
86806,86806,86806,3228,47640,53,43,1,-5,-1,4,0,7,54
98251,98251,98251,4111,40320,155,7,1,-16,0,80,0,30,137
104221,104221,104221,4120,70080,163,68,0,-9,4,48,2,45,178
96762,96762,96762,4109,34440,149,16,1,2,0,14,0,11,132
96751,96751,96751,4109,33120,60,11,1,25,2,106,1,4,89
123208,123208,123208,4209,18360,27,79,0,-11,0,24,0,77,12
129752,129752,129752,4218,34080,170,73,0,-22,-1,102,0,79,208
87527,87527,87527,3229,47760,121,43,0,-4,2,2,6,43,49
97468,97468,97468,4110,32760,56,81,0,5,0,16,0,8,79
45548,45548,45548,2218,39720,142,54,0,23,-9,117,66,47,234
6188,6188,6188,1109,53040,76,14,0,33,0,242,0,24,114
113448,113448,113448,4133,56760,130,27,1,26,7,486,14,77,146
83984,83984,83984,3224,54600,89,24,0,-1,-1,1,0,42,118
56642,56642,56642,3115,75000,56,42,0,61,-1,966,0,39,45
129202,129202,129202,4217,54480,222,67,0,14,1,33,12,42,285
45132,45132,45132,2217,76200,50,9,0,3,1,1,0,8,112
155865,155865,155865,5209,57960,19,73,0,13,-5,32,4,61,55
96048,96048,96048,4108,35160,108,9,0,13,0,32,0,17,138
97544,97544,97544,4110,41880,166,19,0,-29,-6,706,6,15,155
40599,40599,40599,2209,50640,71,10,0,-23,-1,90,0,7,78
28253,28253,28253,2110,37920,135,16,1,75,17,1526,181,0,0
90669,90669,90669,3234,79200,57,61,0,7,2,17,4,62,75
97529,97529,97529,4110,40080,182,62,0,-8,6,1130,32,39,211
62,62,62,1101,7440,11,81,0,10,0,16,0,0,0
113307,113307,113307,4133,39840,144,24,1,4,-2,340,38,78,115
114170,114170,114170,4134,57000,100,77,0,-2,2,214,8,24,188
98254,98254,98254,4111,40680,158,5,1,-14,1,64,0,12,99
96759,96759,96759,4109,34080,148,13,1,-91,-7,1820,14,3,58
98980,98980,98980,4112,41400,106,74,0,10,-5,80,4,4,152
109043,109043,109043,4127,46560,259,55,0,-69,9,949,22,62,248
96764,96764,96764,4109,34680,160,14,1,-10,1,24,0,10,116
63070,63070,63070,3124,68760,112,39,1,8,5,54,16,66,106
5489,5489,5489,1108,55560,176,37,0,-53,-12,674,26,26,201
98164,98164,98164,4111,29880,171,73,0,-34,1,264,0,75,136
29765,29765,29765,2112,46560,135,62,0,21,-11,254,32,53,164
36778,36778,36778,2203,24120,121,16,0,-11,0,73,0,26,63
41249,41249,41249,2210,42240,103,53,0,36,-10,443,66,74,76
41118,41118,41118,2210,26520,142,18,0,3,4,26,4,11,83
12685,12685,12685,1203,59040,136,80,0,-35,0,205,0,68,153
97475,97475,97475,4110,33600,67,82,0,-16,1,53,0,5,48
25410,25410,25410,2106,35280,107,52,0,-1,1,2,0,16,150
114127,114127,114127,4134,51840,98,77,0,20,-1,104,4,33,160
99867,99867,99867,4114,65640,247,59,0,33,-3,362,1,0,0
113184,113184,113184,4133,25080,197,68,0,42,-5,320,10,73,161
97106,97106,97106,4109,75720,103,71,0,24,-2,110,0,74,72
150549,150549,150549,5201,24840,73,76,0,6,1,62,6,0,0
41325,41325,41325,2210,51360,105,21,1,16,-5,56,4,12,76
89949,89949,89949,3233,79200,75,62,1,-2,2,4,0,0,0
99116,99116,99116,4112,57720,114,76,0,0,0,56,0,7,156
57792,57792,57792,3117,40200,124,69,0,-31,2,176,1,70,88
121342,121342,121342,4206,53640,172,45,1,6,-6,62,9,72,108
50349,50349,50349,3105,11040,19,75,0,3,0,6,0,87,8
96951,96951,96951,4109,57120,259,60,0,-44,-1,579,0,73,184
99633,99633,99633,4114,33360,130,64,0,-10,2,38,27,0,0
96803,96803,96803,4109,39360,145,26,1,-12,1,237,9,17,122
5407,5407,5407,1108,45720,109,66,0,16,5,60,5,14,177
113407,113407,113407,4133,51840,160,33,1,-14,-2,54,1,31,102
114028,114028,114028,4134,39960,88,76,0,-10,2,48,2,25,148
114031,114031,114031,4134,40320,104,74,0,-14,2,54,0,18,188
113435,113435,113435,4133,55200,201,29,0,9,2,33,1,79,115
162955,162955,162955,6203,48960,150,65,0,15,-1,258,4,61,160
86989,86989,86989,3228,69600,46,86,1,-2,1,0,9,6,55
94231,94231,94231,4105,76320,56,79,0,-5,4,4,2,73,40
13375,13375,13375,1204,55440,94,18,1,41,12,802,24,16,122
97093,97093,97093,4109,74160,102,69,0,20,1,110,0,76,80
95587,95587,95587,4107,66240,179,56,0,-4,-2,6,2,70,158
97471,97471,97471,4110,33120,66,82,0,-1,-2,0,2,11,60
53764,53764,53764,3109,75240,70,67,0,-15,1,272,1,58,72
26516,26516,26516,2107,81600,123,12,0,-2,5,187,24,20,65
156580,156580,156580,6101,57360,78,58,0,-18,-4,72,4,0,0
56640,56640,56640,3115,74760,126,42,0,-13,3,550,4,28,100
68425,68425,68425,3202,20160,16,78,0,-4,-3,6,2,0,0
1679,1679,1679,1103,29280,217,23,0,33,1,181,4,28,183
59665,59665,59665,3120,5760,0,74,0,0,0,0,0,82,0
97674,97674,97674,4110,57480,120,12,0,-3,3,54,54,57,212
59477,59477,59477,3119,69600,130,38,0,-9,-2,14,0,32,90
107594,107594,107594,4125,42840,179,45,0,-11,7,44,28,70,146
97670,97670,97670,4110,57000,162,63,0,4,5,152,5,59,215
118434,118434,118434,4202,50280,42,79,0,-4,-1,6,4,82,0
114166,114166,114166,4134,56520,117,73,0,5,1,20,0,36,184
102786,102786,102786,4118,70680,175,24,0,-13,-1,34,12,27,215
86625,86625,86625,3228,25920,88,27,0,-7,-6,10,6,55,121
30760,30760,30760,2113,79560,140,76,0,-6,0,9,2,57,159
4683,4683,4683,1107,45240,179,27,1,51,3,614,2,24,151
7633,7633,7633,1112,53640,101,11,0,-6,1,8,0,12,106
21277,21277,21277,1216,57480,140,72,0,-6,-4,134,29,59,262
56639,56639,56639,3115,74640,113,45,0,-42,-5,566,24,11,95
77327,77327,77327,3214,66840,163,60,0,-33,6,388,14,66,108
86961,86961,86961,3228,66240,82,80,0,-5,-8,6,12,57,117
96041,96041,96041,4108,34320,118,10,0,24,-6,1248,9,11,136
96763,96763,96763,4109,34560,150,15,1,-1,1,0,0,9,116
6297,6297,6297,1109,66120,117,61,0,3,-3,10,2,63,143
102061,102061,102061,4117,70080,152,35,1,10,-8,320,11,46,175
113406,113406,113406,4133,51720,146,31,1,17,3,49,2,24,97
29280,29280,29280,2111,74760,85,68,0,59,-9,600,14,22,118
113454,113454,113454,4133,57480,182,20,1,-2,3,18,1,34,139
112726,112726,112726,4132,56520,120,78,0,17,-4,141,2,76,171
41317,41317,41317,2210,50400,91,18,1,38,1,454,0,10,56
28973,28973,28973,2111,37920,79,66,0,5,-5,1408,38,16,135
28953,28953,28953,2111,35520,149,55,0,-5,1,50,0,50,237
112732,112732,112732,4132,57240,153,63,0,8,9,90,18,73,195
97782,97782,97782,4110,70440,117,75,0,-17,0,116,0,68,158
480,480,480,1101,57600,79,16,1,-6,0,11,2,0,0
32814,32814,32814,2116,66840,85,61,1,-21,10,114,24,68,111
55135,55135,55135,3112,66960,113,43,0,25,8,260,37,0,0
1201,1201,1201,1102,57720,136,10,0,-25,3,180,10,11,64
40605,40605,40605,2209,51360,76,12,0,-8,-1,12,0,9,83
86988,86988,86988,3228,69480,44,87,1,1,-7,2,32,5,46
27972,27972,27972,2110,4200,66,78,0,7,0,10,0,72,81
28559,28559,28559,2110,74640,128,29,1,43,10,768,66,0,0
358,358,358,1101,42960,71,63,0,9,-1,33,4,0,0
97488,97488,97488,4110,35160,141,71,0,-5,3,44,2,16,154
97543,97543,97543,4110,41760,137,13,0,-36,1,234,0,19,144
155597,155597,155597,5209,25800,30,68,0,-4,3,20,4,50,72
98427,98427,98427,4111,61440,238,60,0,-37,-16,228,80,65,208
27561,27561,27561,2109,35400,292,52,0,-4,9,13,14,63,202
113096,113096,113096,4133,14520,1,71,0,-1,0,0,0,80,0
109009,109009,109009,4127,42480,156,63,0,-3,3,62,2,11,170
103501,103501,103501,4119,70080,178,45,1,21,1,74,0,21,182
122062,122062,122062,4207,53640,184,61,0,-64,2,1379,0,45,172
103018,103018,103018,4119,12120,7,76,0,2,0,6,0,81,6
78762,78762,78762,3216,66240,56,75,0,13,0,28,0,24,85
112739,112739,112739,4132,58080,130,29,0,2,2,27,150,74,175
22099,22099,22099,2101,69960,79,72,0,16,0,181,3,0,0
113574,113574,113574,4133,71880,163,66,0,24,-3,586,4,77,119
68094,68094,68094,3131,66840,96,58,0,2,5,0,5,54,113
45773,45773,45773,2218,66720,109,64,0,24,-3,338,1,28,149
107592,107592,107592,4125,42600,163,58,0,14,13,70,40,73,141
26298,26298,26298,2107,55440,119,50,1,29,-4,420,176,12,62
122183,122183,122183,4207,68160,148,65,0,-4,2,856,0,68,140
78759,78759,78759,3216,65880,63,74,0,-2,1,44,4,34,100
15494,15494,15494,1207,54720,137,21,0,-6,-4,134,6,32,110
137140,137140,137140,4228,57360,136,71,0,28,0,138,0,71,154
41316,41316,41316,2210,50280,129,19,1,-50,-2,422,0,10,61
112733,112733,112733,4132,57360,119,42,0,34,21,331,158,74,171
64512,64512,64512,3126,69000,30,76,0,4,0,2,0,61,80
83985,83985,83985,3224,54720,85,22,0,4,2,2,0,41,133
89982,89982,89982,3233,83160,44,72,0,7,0,8,0,0,0
28321,28321,28321,2110,46080,237,51,0,1,-1,180,4,26,285
98340,98340,98340,4111,51000,214,60,0,-11,1,26,1,64,182
114173,114173,114173,4134,57360,111,77,0,1,-3,9,2,23,180
104224,104224,104224,4120,70440,167,71,0,13,0,74,0,46,196
86909,86909,86909,3228,60000,75,82,0,15,-9,90,20,62,111
40119,40119,40119,2208,79440,59,78,0,16,-1,86,0,61,139
113310,113310,113310,4133,40200,135,19,1,17,1,52,6,72,128
96030,96030,96030,4108,33000,60,5,0,-9,1,14,1,14,86
26078,26078,26078,2107,29040,148,72,0,31,-3,194,1,59,96
26519,26519,26519,2107,81960,110,10,0,7,1,20,0,11,61
49806,49806,49806,3104,32280,74,10,0,-7,-1,37,0,10,39
86166,86166,86166,3227,57240,102,63,0,-18,3,68,2,62,65
113447,113447,113447,4133,56640,156,34,1,28,2,132,2,76,158
113404,113404,113404,4133,51480,157,34,1,-12,-6,131,28,47,93
78205,78205,78205,3215,85800,47,79,0,-14,4,32,3,77,82
153368,153368,153368,5206,17520,0,80,0,0,0,0,0,0,0
23320,23320,23320,2103,43680,95,11,0,-2,-2,72,0,21,92
96087,96087,96087,4108,39840,145,13,0,-29,-3,233,1,21,157
78766,78766,78766,3216,66720,62,75,0,-10,3,22,2,29,77
21347,21347,21347,1216,65880,127,67,0,33,-5,249,5,69,190
25599,25599,25599,2106,57960,82,15,0,-26,-5,150,6,7,74
26319,26319,26319,2107,57960,159,18,1,17,1,50,12,15,82
49808,49808,49808,3104,32520,79,9,0,9,1,33,0,15,25
143264,143264,143264,4237,14640,0,80,0,0,0,0,0,70,0
97537,97537,97537,4110,41040,136,14,0,-8,-1,24,0,15,123
83266,83266,83266,3223,54840,114,51,1,19,-10,66,20,0,0
96569,96569,96569,4109,11280,4,80,0,2,0,1,0,80,5
102182,102182,102182,4117,84600,58,77,0,17,-2,94,0,73,46
97542,97542,97542,4110,41640,101,14,0,27,-2,122,0,18,196
99111,99111,99111,4112,57120,130,76,0,-38,-4,544,8,17,144
8320,8320,8320,1113,53520,156,11,1,29,3,146,2,12,95
78133,78133,78133,3215,77160,84,69,0,-6,2,11,0,63,149
22549,22549,22549,2102,37560,91,27,0,79,-6,1069,8,46,74
102785,102785,102785,4118,70560,162,23,0,1,8,34,10,28,207
38554,38554,38554,2206,64440,51,7,0,6,7,456,48,66,67
101615,101615,101615,4117,16560,1,78,0,7,0,10,0,77,2
83259,83259,83259,3223,54000,118,32,0,-3,-3,6,17,0,0
50804,50804,50804,3105,65640,175,29,0,-9,-1,81,0,37,105
136040,136040,136040,4227,11760,10,81,0,-8,0,16,0,78,15
104226,104226,104226,4120,70680,156,70,0,20,1,66,0,46,191
96863,96863,96863,4109,46560,225,60,0,-20,-2,123,6,70,176
97474,97474,97474,4110,33480,51,83,0,15,-2,38,1,6,71
55915,55915,55915,3114,74160,24,4,0,5,0,16,0,0,0
98536,98536,98536,4111,74520,119,68,0,1,4,34,3,75,70
6185,6185,6185,1109,52680,91,12,0,16,-2,48,0,32,131
96344,96344,96344,4108,70680,137,74,0,-47,2,377,0,57,182
29638,29638,29638,2112,31320,144,63,0,-57,3,686,2,62,149
50003,50003,50003,3104,55920,135,17,0,-43,-3,310,4,11,36
3854,3854,3854,1106,32040,98,19,1,-4,3,2008,62,9,51
102688,102688,102688,4118,58920,193,62,0,3,-1,94,2,61,222
78043,78043,78043,3215,66360,91,24,1,-6,0,6,0,62,145
75753,75753,75753,3212,50760,149,62,0,39,2,434,0,72,53
26560,26560,26560,2108,480,80,81,0,5,0,72,0,81,76
97479,97479,97479,4110,34080,121,78,0,-25,5,648,4,13,148
10207,10207,10207,1116,20880,100,86,0,12,-2,24,0,87,98
96967,96967,96967,4109,59040,225,27,0,-7,0,8,0,24,190
5270,5270,5270,1108,29280,194,62,0,7,1,32,0,51,288
78760,78760,78760,3216,66000,61,73,0,2,1,0,0,28,93
104223,104223,104223,4120,70320,180,71,0,-21,2,82,4,44,194
108360,108360,108360,4126,49560,240,66,0,26,-1,123,24,71,220
27970,27970,27970,2110,3960,73,78,0,-5,0,16,0,72,91
96769,96769,96769,4109,35280,134,14,1,20,2,70,0,11,126
107591,107591,107591,4125,42480,177,71,0,6,1,43,0,70,143
47937,47937,47937,3101,67200,95,47,0,-7,3,8,6,0,0
57354,57354,57354,3116,74040,24,83,0,3,-6,4,6,35,39
98978,98978,98978,4112,41160,128,72,0,2,0,64,0,4,155
41949,41949,41949,2211,39840,174,28,0,-23,-1,90,4,26,120
96034,96034,96034,4108,33480,52,7,0,9,-4,26,3,9,91
89951,89951,89951,3233,79440,69,67,1,-14,-1,70,4,0,0
86789,86789,86789,3228,45600,77,25,0,11,2,54,4,19,87
11659,11659,11659,1202,22320,108,77,0,-4,0,13,0,79,92
96046,96046,96046,4108,34920,110,10,0,7,-1,9,0,17,143
143444,143444,143444,4237,36240,102,79,0,-7,0,92,0,71,166
112590,112590,112590,4132,40200,128,72,0,-17,5,141,4,74,158
22611,22611,22611,2102,45000,148,33,0,8,-15,160,37,31,121
113105,113105,113105,4133,15600,1,71,0,-1,0,0,0,80,0
45851,45851,45851,2218,76080,80,22,1,-6,-3,28,2,10,53
56374,56374,56374,3115,42840,119,37,0,-6,0,11,5,23,92
78040,78040,78040,3215,66000,93,28,1,7,6,8,14,62,152
114123,114123,114123,4134,51360,108,77,0,9,-6,38,8,28,145
112729,112729,112729,4132,56880,133,73,0,13,4,104,2,72,190
112762,112762,112762,4132,60840,117,80,0,-19,1,66,0,77,154
112731,112731,112731,4132,57120,161,72,0,-23,0,148,0,73,194
56217,56217,56217,3115,24000,76,67,0,2,1,38,2,69,60
94789,94789,94789,4106,56880,222,25,0,-20,-1,77,4,14,137
88003,88003,88003,3230,18480,15,77,0,-1,1,4,40,76,16
55917,55917,55917,3114,74400,47,3,0,-14,0,89,0,0,0
51479,51479,51479,3106,60240,117,33,0,-7,-4,12,2,24,142
97761,97761,97761,4110,67920,160,63,1,-28,9,358,16,20,173
113089,113089,113089,4133,13680,0,71,0,0,0,0,0,80,0
97671,97671,97671,4110,57120,165,44,0,-3,19,2,106,60,259
113045,113045,113045,4133,8400,1,71,0,-1,0,0,0,80,2
55912,55912,55912,3114,73800,37,8,0,3,5,266,253,0,0
5467,5467,5467,1108,52920,99,22,1,-27,3,581,17,12,127
83983,83983,83983,3224,54480,88,23,0,-2,-1,32,0,27,111
73681,73681,73681,3209,61320,136,49,0,-20,6,66,6,49,130
112591,112591,112591,4132,40320,118,76,0,10,-4,48,4,77,143
31496,31496,31496,2114,81480,178,45,0,13,-3,130,10,76,120
107127,107127,107127,4124,73200,86,76,0,-4,-2,82,0,71,129
76881,76881,76881,3214,13320,14,82,0,7,0,76,0,79,8
598,598,598,1101,71760,53,67,0,-3,5,4,5,0,0
77324,77324,77324,3214,66480,125,65,0,20,-3,80,1,72,83
50525,50525,50525,3105,32160,150,43,1,15,-15,673,84,9,67
112685,112685,112685,4132,51600,97,27,0,-4,20,34,84,76,129
96802,96802,96802,4109,39240,133,27,1,37,6,888,9,26,152
27240,27240,27240,2108,82080,115,72,1,0,0,10,0,9,110
42038,42038,42038,2211,50520,117,21,0,10,0,16,0,16,78
112728,112728,112728,4132,56760,146,77,0,12,-1,251,0,73,190
46570,46570,46570,2219,75960,117,63,0,-19,-15,794,170,19,74
50806,50806,50806,3105,65880,165,32,0,13,4,30,8,69,96
39977,39977,39977,2208,62400,116,76,0,-12,0,46,0,40,181
86984,86984,86984,3228,69000,85,17,1,-11,-9,500,13,39,88
86516,86516,86516,3228,12840,11,84,0,-8,0,10,0,70,13
77967,77967,77967,3215,57240,125,68,0,-6,4,38,2,64,146
86268,86268,86268,3227,69480,46,5,0,-14,2,34,2,60,56
3965,3965,3965,1106,45360,103,19,0,48,5,672,16,47,109
8552,8552,8552,1113,81480,203,72,0,38,-6,427,9,65,101
98389,98389,98389,4111,56880,163,43,1,69,16,1158,53,68,166
69814,69814,69814,3204,14040,0,75,0,0,0,0,0,66,9
14187,14187,14187,1205,69960,222,72,0,58,0,934,56,70,140
97536,97536,97536,4110,40920,128,13,0,-4,-1,164,0,17,144
7629,7629,7629,1112,53160,99,12,0,1,7,544,28,19,144
27019,27019,27019,2108,55560,162,16,0,-37,1,257,0,48,155
156795,156795,156795,6101,83160,22,70,0,33,1,304,0,0,0
28264,28264,28264,2110,39240,163,14,0,-5,0,116,0,11,175
140074,140074,140074,4232,63840,198,69,0,23,-4,181,3,77,132
86807,86807,86807,3228,47760,49,43,1,4,0,4,0,12,91
114171,114171,114171,4134,57120,118,77,0,-18,0,80,0,22,190
32918,32918,32918,2116,79320,102,36,0,-2,21,27,176,64,134
32613,32613,32613,2116,42720,76,79,0,16,1,46,0,69,91
97973,97973,97973,4111,6960,15,78,0,3,0,1,0,85,8
51782,51782,51782,3107,10200,15,66,0,-5,0,4,0,78,15
96086,96086,96086,4108,39720,116,10,0,-6,2,123,0,23,177
160946,160946,160946,6110,64560,166,65,0,-7,7,61,8,0,0
27236,27236,27236,2108,81600,129,71,1,-2,-25,200,297,12,123
106108,106108,106108,4123,37320,193,64,0,27,-4,182,13,75,166
165030,165030,165030,6206,38760,128,18,0,-3,0,1,0,35,124
57499,57499,57499,3117,5040,35,61,0,-8,0,10,0,82,28
98965,98965,98965,4112,39600,92,80,0,18,-4,104,10,22,150
97522,97522,97522,4110,39240,172,65,0,-1,4,4,2,27,133
96806,96806,96806,4109,39720,138,25,1,-8,2,10,1,10,116
7961,7961,7961,1113,6600,71,90,0,-23,0,88,0,72,31
4684,4684,4684,1107,45360,161,14,1,18,13,854,48,19,103
96024,96024,96024,4108,32280,133,77,0,19,0,253,3,16,178
96724,96724,96724,4109,29880,181,70,0,14,-2,140,4,76,157
114210,114210,114210,4134,61800,60,81,0,2,-2,430,1,17,130
109011,109011,109011,4127,42720,196,62,0,-27,1,277,0,19,182
86090,86090,86090,3227,48120,69,6,0,-6,3,6,2,62,59
97478,97478,97478,4110,33960,96,83,0,-37,-1,321,2,6,57
120273,120273,120273,4205,11760,6,80,0,4,0,16,0,78,6
33532,33532,33532,2117,66600,151,28,0,23,10,181,43,72,88
98392,98392,98392,4111,57240,147,13,1,-3,4,48,20,29,134
98301,98301,98301,4111,46320,202,61,0,6,4,56,6,70,148
28166,28166,28166,2110,27480,185,61,0,13,5,28,24,64,299
23610,23610,23610,2103,78480,84,27,0,-9,1,33,4,79,84
97480,97480,97480,4110,34200,119,76,0,2,2,128,8,16,142
86089,86089,86089,3227,48000,63,9,0,4,1,152,1,61,62
23319,23319,23319,2103,43560,93,9,0,-17,0,88,0,27,100
97043,97043,97043,4109,68160,175,25,0,26,-1,162,4,18,168
70053,70053,70053,3204,42720,74,69,0,-9,-1,33,1,51,131
96047,96047,96047,4108,35040,121,9,0,-11,1,20,0,15,140
42400,42400,42400,2212,7560,7,77,0,6,0,16,0,71,10
4686,4686,4686,1107,45600,163,11,1,5,1,8,1,13,86
160866,160866,160866,6110,54960,150,71,0,28,-5,144,4,0,0
1202,1202,1202,1102,57840,129,13,0,7,-3,110,2,12,53
56636,56636,56636,3115,74280,45,44,1,-11,-13,20,29,3,33
2392,2392,2392,1104,29280,133,24,1,11,-5,26,5,23,217
98258,98258,98258,4111,41160,155,4,1,17,0,50,0,16,140
20675,20675,20675,1215,71640,210,60,0,-4,3,3,2,44,127
1200,1200,1200,1102,57600,111,13,0,31,5,366,4,16,79
4687,4687,4687,1107,45720,177,14,1,-14,-3,33,1,12,102
97041,97041,97041,4109,67920,173,20,0,-45,-3,450,2,14,116
96031,96031,96031,4108,33120,89,4,0,-29,1,262,0,8,74
102780,102780,102780,4118,69960,147,18,0,14,0,232,5,27,162
97042,97042,97042,4109,68040,201,24,0,-28,-4,904,8,17,106
96756,96756,96756,4109,33720,64,5,1,-16,0,92,0,4,44
98393,98393,98393,4111,57360,148,11,1,-1,2,2,6,15,117
40002,40002,40002,2208,65400,90,76,0,23,0,134,0,54,144
121449,121449,121449,4206,66480,111,74,0,-1,-2,180,2,74,88
122621,122621,122621,4208,34320,44,85,0,-6,-6,16,9,72,84
97465,97465,97465,4110,32400,60,81,0,3,-1,17,1,18,86
39621,39621,39621,2208,19680,33,84,0,-2,1,4,1,77,66
126553,126553,126553,4213,74400,78,70,0,21,8,120,21,70,93
45849,45849,45849,2218,75840,67,19,1,4,1,1684,76,14,72
38763,38763,38763,2207,3120,34,83,0,15,0,53,0,77,20
3964,3964,3964,1106,45240,151,24,0,12,5,104,4,64,123
30007,30007,30007,2112,75600,126,64,0,-15,1,182,0,58,139
27186,27186,27186,2108,75600,163,24,0,6,-2,344,11,18,156
28974,28974,28974,2111,38040,88,62,0,-9,4,13,4,10,141
96492,96492,96492,4109,2040,25,80,0,-2,0,0,0,80,16
51247,51247,51247,3106,32400,96,46,0,21,-2,141,4,62,115
100040,100040,100040,4115,360,39,78,0,-13,0,30,2,85,25
113405,113405,113405,4133,51600,163,34,1,-6,0,56,8,27,97
4555,4555,4555,1107,29880,96,12,0,36,6,2438,310,14,59
27907,27907,27907,2109,82200,214,59,0,-48,11,512,20,70,148
165636,165636,165636,6207,25080,234,36,0,-13,1,40,1,22,168
116112,116112,116112,4137,30840,53,78,0,9,-2,22,2,68,29
97154,97154,97154,4109,81480,73,75,0,6,2,11,0,76,57
151270,151270,151270,5202,24960,61,21,1,3,6,14,62,76,65
86088,86088,86088,3227,47880,67,10,0,24,2,234,4,62,65
107593,107593,107593,4125,42720,168,52,0,-5,6,33,62,74,139
96050,96050,96050,4108,35400,105,9,0,21,2,86,0,20,167
12655,12655,12655,1203,55440,122,16,0,-1,0,206,0,33,157
78228,78228,78228,3216,2160,19,83,0,-3,0,10,0,82,37
77325,77325,77325,3214,66600,116,69,0,9,-4,146,8,70,81
90668,90668,90668,3234,79080,64,63,0,3,-5,30,8,64,73
21278,21278,21278,1216,57600,144,64,0,-4,8,16,10,61,254
25580,25580,25580,2106,55680,59,11,0,6,2,6,0,8,97
50526,50526,50526,3105,32280,120,60,1,30,-17,350,170,10,74
114179,114179,114179,4134,58080,133,74,0,-5,-4,33,2,24,198
13374,13374,13374,1204,55320,135,30,1,28,-5,152,8,16,121
46534,46534,46534,2219,71640,192,45,0,9,-2,20,1,64,136
27020,27020,27020,2108,55680,153,16,0,9,0,248,0,49,146
113115,113115,113115,4133,16800,1,71,0,-1,0,0,0,80,0
45130,45130,45130,2217,75960,51,10,0,21,4,5309,110,13,97
28252,28252,28252,2110,37800,210,33,1,14,16,182,64,0,0
145236,145236,145236,5101,78480,66,63,0,2,-1,11,1,0,0
26941,26941,26941,2108,46200,203,27,0,-6,-6,56,9,22,194
113483,113483,113483,4133,60960,172,26,1,-20,10,98,134,81,118
8513,8513,8513,1113,76800,211,67,0,27,-8,266,10,63,107
77318,77318,77318,3214,65760,173,62,0,-36,3,333,8,64,118
50528,50528,50528,3105,32520,115,63,1,0,-1,5,1,9,79
108306,108306,108306,4126,42960,192,34,1,-1,-4,20,40,38,165
98585,98585,98585,4111,80400,84,74,0,18,-3,134,2,80,62
52104,52104,52104,3107,48840,170,41,0,-10,-1,16,1,37,119
96746,96746,96746,4109,32520,77,12,1,9,6,774,56,39,146
63792,63792,63792,3125,69000,80,61,1,3,2,2,0,31,153
98388,98388,98388,4111,56760,232,59,1,6,-1,56,4,63,190
98224,98224,98224,4111,37080,207,68,0,-27,-1,130,0,67,164
58072,58072,58072,3117,73800,62,77,0,-13,-6,340,14,80,29
122464,122464,122464,4208,15480,0,80,0,0,0,0,0,80,0
103492,103492,103492,4119,69000,225,61,0,4,-2,8,0,59,172
108416,108416,108416,4126,56880,260,63,0,7,2,68,2,69,229
150550,150550,150550,5201,24960,65,76,0,8,0,32,0,0,0
96038,96038,96038,4108,33960,49,3,0,8,1,28,0,10,82
5403,5403,5403,1108,45240,124,58,0,46,0,416,0,27,179
97541,97541,97541,4110,41520,128,12,0,-11,1,29,0,22,149
114168,114168,114168,4134,56760,130,72,0,-7,1,28,0,27,130
160886,160886,160886,6110,57360,137,60,1,35,-1,453,0,0,0
98397,98397,98397,4111,57840,159,7,1,-3,0,17,0,12,108
5275,5275,5275,1108,29880,54,9,1,6,2,8,22,12,96
94308,94308,94308,4105,85560,34,82,0,-13,-1,96,1,74,29
98253,98253,98253,4111,40560,144,6,1,-5,0,44,0,12,119
16620,16620,16620,1210,17040,10,77,0,1,0,12,0,0,0
96032,96032,96032,4108,33240,64,3,0,25,1,164,0,8,104
117522,117522,117522,4201,27240,0,85,0,0,-1,0,0,0,0
96805,96805,96805,4109,39600,130,27,1,3,-3,42,1,12,110
78763,78763,78763,3216,66360,62,71,0,-6,4,28,3,24,91
111694,111694,111694,4131,19080,25,79,0,-12,0,32,0,77,14
113451,113451,113451,4133,57120,190,22,1,-2,2,214,0,72,161
83263,83263,83263,3223,54480,111,27,1,-5,6,38,28,0,0
147296,147296,147296,5104,66480,125,73,0,-18,1,216,0,58,171
98558,98558,98558,4111,77160,113,75,0,-3,-1,2,2,78,71
98977,98977,98977,4112,41040,130,72,0,-18,2,54,2,4,172
97532,97532,97532,4110,40440,125,17,0,12,13,162,130,30,209
113449,113449,113449,4133,56880,158,23,1,-28,4,162,20,73,133
98969,98969,98969,4112,40080,108,74,0,-6,0,16,0,9,160
108412,108412,108412,4126,56280,280,60,0,16,6,44,6,69,223
32430,32430,32430,2116,20760,30,82,0,-15,-3,38,2,78,29
97073,97073,97073,4109,71760,158,68,0,-16,2,131,0,74,100
14072,14072,14072,1205,55320,160,17,0,17,5,468,6,30,135
41319,41319,41319,2210,50640,99,17,1,-21,-1,74,0,10,71
3666,3666,3666,1106,9480,31,80,0,-5,0,20,0,67,23
78765,78765,78765,3216,66600,52,78,0,10,-3,22,8,23,75
54148,54148,54148,3110,34920,122,56,0,-6,9,16,18,64,160
121423,121423,121423,4206,63360,187,71,0,-30,-1,222,0,64,121
50605,50605,50605,3105,41760,156,55,0,9,-1,22,2,68,124
87531,87531,87531,3229,48240,129,46,0,-10,-4,18,3,43,50
28972,28972,28972,2111,37800,84,61,0,77,-10,1408,24,33,210
83117,83117,83117,3223,36960,131,47,0,-38,17,312,49,0,0
29788,29788,29788,2112,49320,147,61,0,-18,2,126,4,56,164
98246,98246,98246,4111,39720,156,16,1,-6,6,16,32,76,129
108301,108301,108301,4126,42360,175,18,1,-2,9,1644,66,72,183
97473,97473,97473,4110,33360,66,81,0,-6,-1,8,0,7,69
103506,103506,103506,4119,70680,191,46,1,21,-1,80,0,24,175
27902,27902,27902,2109,81600,186,43,0,-3,-5,422,13,71,129
108302,108302,108302,4126,42480,170,11,1,5,7,4,42,71,177
113602,113602,113602,4133,75240,132,66,0,-3,-2,1074,1,76,78
47958,47958,47958,3101,69720,84,38,0,-28,8,132,28,0,0
96635,96635,96635,4109,19200,18,78,0,-4,2,4,0,79,10
113450,113450,113450,4133,57000,188,24,1,-30,-1,560,2,72,138
86269,86269,86269,3227,69600,55,6,0,-9,-1,89,0,59,68
77527,77527,77527,3215,4440,19,82,0,-7,0,110,0,82,52
98262,98262,98262,4111,41640,158,3,1,-22,0,86,0,14,101
103383,103383,103383,4119,55920,172,71,0,54,-2,488,2,68,153
26297,26297,26297,2107,55320,148,46,1,21,-26,93,184,10,58
112687,112687,112687,4132,51840,102,31,0,-5,-7,5,8,75,156
73034,73034,73034,3208,70080,111,53,0,-9,4,116,6,70,54
72706,72706,72706,3208,30720,122,19,0,10,-11,1044,20,21,51
57355,57355,57355,3116,74160,26,80,0,-2,3,1,6,31,34
96752,96752,96752,4109,33240,67,9,1,-7,2,110,2,3,64
87043,87043,87043,3228,76080,81,69,0,7,6,84,8,56,103
117269,117269,117269,4138,83280,0,75,0,0,-2,0,2,78,20
87707,87707,87707,3229,69360,118,41,0,3,0,2,0,80,45
96027,96027,96027,4108,32640,84,16,0,62,23,1090,508,19,200
55918,55918,55918,3114,74520,37,2,0,10,1,34,0,0,0
54654,54654,54654,3112,9240,0,73,0,0,0,0,0,0,0
30525,30525,30525,2113,51360,115,34,1,14,-4,43,6,57,138
97668,97668,97668,4110,56760,190,63,0,1,2,0,0,57,207
113342,113342,113342,4133,44040,151,68,0,24,-4,98,2,77,100
97534,97534,97534,4110,40680,99,12,0,20,0,123,5,30,202
57353,57353,57353,3116,73920,27,77,0,2,3,18,4,34,43
45600,45600,45600,2218,45960,153,65,0,2,-2,11,0,53,191
56638,56638,56638,3115,74520,71,40,1,-14,-7,112,20,2,37
39274,39274,39274,2207,64440,127,18,1,-21,-2,126,44,7,51
97946,97946,97946,4111,3720,17,78,0,-3,0,8,0,85,13
99108,99108,99108,4112,56760,206,64,0,-8,1,24,1,59,232
97922,97922,97922,4111,840,25,78,0,3,0,6,0,85,19
13320,13320,13320,1204,48840,162,12,0,-46,0,1074,2,13,57
40598,40598,40598,2209,50520,48,9,0,8,1,28,0,7,61
98482,98482,98482,4111,68040,211,61,0,-7,4,272,3,50,177
102781,102781,102781,4118,70080,182,21,0,-35,-3,206,2,35,152
15847,15847,15847,1208,10680,35,69,0,-8,0,32,0,84,21
120935,120935,120935,4206,4800,14,65,0,-2,0,27,0,80,18
94962,94962,94962,4106,77640,86,76,0,2,1,0,0,81,54
96029,96029,96029,4108,32880,51,6,0,3,2,222,18,18,176
98399,98399,98399,4111,58080,153,6,1,9,0,14,0,15,123
57351,57351,57351,3116,73680,37,75,0,29,-5,452,5,32,41
86264,86264,86264,3227,69000,88,39,0,2,5,374,16,60,64
79627,79627,79627,3217,83640,71,71,0,0,-2,0,0,79,38
86087,86087,86087,3227,47760,91,12,0,-37,-5,257,5,62,71
98983,98983,98983,4112,41760,190,62,0,0,-1,88,9,3,198
103587,103587,103587,4119,80400,98,75,0,-3,-1,54,0,76,79
45128,45128,45128,2217,75720,215,34,0,5,9,38,13,23,189
9662,9662,9662,1115,41880,164,40,0,-12,-4,50,13,71,198
25600,25600,25600,2106,58080,72,21,0,10,-6,114,20,10,134
26320,26320,26320,2107,58080,162,29,1,-3,-11,54,24,21,72
55158,55158,55158,3112,69720,32,18,1,13,8,737,10,0,0
8903,8903,8903,1114,37200,209,69,0,-27,-1,126,1,0,0
97673,97673,97673,4110,57360,117,15,0,17,14,394,140,58,195
98255,98255,98255,4111,40800,156,5,1,2,0,38,0,12,124
103580,103580,103580,4119,79560,97,73,0,-10,4,22,2,72,82
86808,86808,86808,3228,47880,52,44,1,-3,-1,2,0,10,67
113416,113416,113416,4133,52920,201,24,0,-12,0,26,10,74,129
114203,114203,114203,4134,60960,68,79,0,16,1,99,2,26,172
96512,96512,96512,4109,4440,22,80,0,0,0,0,0,80,16
31245,31245,31245,2114,51360,114,19,0,33,12,817,46,34,115
96747,96747,96747,4109,32640,79,8,1,-2,4,14,16,16,84
57356,57356,57356,3116,74280,41,79,0,-15,1,57,2,44,45
4401,4401,4401,1107,11280,27,76,0,1,0,16,0,80,13
103275,103275,103275,4119,42960,182,67,0,37,-1,350,0,67,135
28560,28560,28560,2110,74760,118,22,1,10,7,528,48,0,0
22600,22600,22600,2102,43680,92,21,1,8,6,37,8,28,75
96804,96804,96804,4109,39480,133,24,1,12,2,32,1,12,136
77554,77554,77554,3215,7680,20,82,0,-5,0,8,0,82,35
107595,107595,107595,4125,42960,165,38,0,14,7,36,32,71,130
96791,96791,96791,4109,37920,214,36,0,15,1,38,9,23,216
86086,86086,86086,3227,47640,54,7,0,7,0,42,10,63,65
96750,96750,96750,4109,33000,85,13,1,-9,-3,14,4,5,60
73632,73632,73632,3209,55440,122,48,0,1,3,2,1,16,81
86085,86085,86085,3227,47520,61,7,0,9,7,1026,28,60,78
114128,114128,114128,4134,51960,92,74,0,6,3,123,1,34,157
67888,67888,67888,3131,42120,83,63,0,-14,4,59,2,52,103
127461,127461,127461,4215,11520,10,83,0,-4,0,2,0,83,18
78699,78699,78699,3216,58680,80,21,0,9,0,13,8,43,115
109008,109008,109008,4127,42360,153,66,0,-15,0,46,0,18,175
87530,87530,87530,3229,48120,119,42,0,8,4,14,2,43,48
89948,89948,89948,3233,79080,73,64,1,5,0,28,2,0,0
34050,34050,34050,2118,42360,88,78,0,-27,6,126,8,66,114
120622,120622,120622,4205,53640,108,72,0,0,3,5,1,74,143
98450,98450,98450,4111,64200,214,63,0,5,3,80,4,71,168
27904,27904,27904,2109,81840,176,68,0,7,-8,17,108,72,122
86494,86494,86494,3228,10200,11,84,0,6,0,11,0,70,15
101341,101341,101341,4116,70080,175,46,0,-1,14,46,50,54,246
113615,113615,113615,4133,76800,125,68,0,-8,1,12,0,81,80
98975,98975,98975,4112,40800,120,70,0,2,4,64,4,5,156
36058,36058,36058,2202,24120,63,26,1,18,3,54,10,67,122
114126,114126,114126,4134,51720,118,76,0,3,-4,169,2,31,146
27835,27835,27835,2109,72960,267,35,0,-6,2,6,4,34,185
34082,34082,34082,2118,46200,101,77,0,-7,-2,8,1,69,124
98259,98259,98259,4111,41280,150,4,1,5,0,88,0,14,129
78047,78047,78047,3215,66840,129,44,1,-52,-15,624,78,60,163
98982,98982,98982,4112,41640,190,61,0,-20,7,1283,28,3,158
97033,97033,97033,4109,66960,175,19,0,-2,1,57,0,35,150
42037,42037,42037,2211,50400,127,21,0,-4,-1,110,0,18,91
90667,90667,90667,3234,78960,67,58,0,10,7,96,9,64,78
5995,5995,5995,1109,29880,57,80,0,-12,-1,42,0,9,54
5468,5468,5468,1108,53040,114,24,1,-15,-2,302,1,13,139
